price,area,bedrooms,bathrooms,stories,mainroad,guestroom,basement,hotwaterheating,airconditioning,parking,prefarea,furnishingstatus,mainroad_yes,mainroad_no,guestroom_yes,guestroom_no,basement_yes,basement_no,hotwaterheating_yes,hotwaterheating_no,airconditioning_yes,airconditioning_no,prefarea_yes,prefarea_no,furnished,semi-furnished,unfurnished
4098500,-0.7151451191,0.4000000000,0.0000000000,0.0000000000,1,0,1,0,1,0.0000000000,1,1,1,0,0,1,1,0,0,1,1,0,1,0,1,0,0
4403000,-1.0472255937,0.4000000000,0.0000000000,0.3333333333,1,0,0,0,0,0.0000000000,1,0,1,0,0,1,0,1,0,1,0,1,1,0,0,1,0
8960000,1.5448470002,0.4000000000,0.3333333333,1.0000000000,1,0,0,0,1,0.6666666667,0,1,1,0,0,1,0,1,0,1,1,0,0,1,1,0,0
7350000,0.3917897965,0.4000000000,0.3333333333,0.3333333333,1,1,0,0,1,0.3333333333,0,0,1,0,1,0,0,1,0,1,1,0,0,1,0,1,0
6090000,1.4858104714,0.4000000000,0.0000000000,0.6666666667,1,0,0,0,1,0.6666666667,0,-1,1,0,0,1,0,1,0,1,1,0,0,1,0,0,1
3500000,3.5945214856,0.4000000000,0.0000000000,0.0000000000,1,0,0,0,0,0.0000000000,0,-1,1,0,0,1,0,1,0,1,0,1,0,1,0,0,1
3885000,-0.9088587293,0.6000000000,0.3333333333,0.3333333333,1,0,0,0,0,0.0000000000,0,1,1,0,0,1,0,1,0,1,0,1,0,1,1,0,0
4830000,-0.1547593181,0.2000000000,0.0000000000,0.0000000000,1,0,0,0,1,0.0000000000,1,0,1,0,0,1,0,1,0,1,1,0,1,0,0,1,0
5110000,2.8870055854,0.2000000000,0.0000000000,0.3333333333,1,0,0,0,0,0.0000000000,1,1,1,0,0,1,0,1,0,1,0,1,1,0,1,0,0
3360000,-0.6459616868,0.4000000000,0.0000000000,0.0000000000,1,0,0,0,0,0.0000000000,0,-1,1,0,0,1,0,1,0,1,0,1,0,1,0,0,1
2940000,-1.1302457124,0.2000000000,0.0000000000,0.0000000000,0,0,0,0,0,0.0000000000,0,1,0,1,0,1,0,1,0,1,0,1,0,1,1,0,0
5950000,0.8622371356,0.4000000000,0.0000000000,0.0000000000,1,0,1,0,1,0.6666666667,1,0,1,0,0,1,1,0,0,1,1,0,1,0,0,1,0
4200000,-1.0135563234,0.4000000000,0.0000000000,0.3333333333,1,0,1,0,1,0.0000000000,0,-1,1,0,0,1,1,0,0,1,1,0,0,1,0,0,1
3920000,-1.3862244116,0.6000000000,0.3333333333,0.0000000000,1,0,1,0,0,0.0000000000,1,-1,1,0,0,1,1,0,0,1,0,1,1,0,0,0,1
2590000,-0.7151451191,0.2000000000,0.0000000000,0.0000000000,1,0,0,0,0,0.0000000000,0,-1,1,0,0,1,0,1,0,1,0,1,0,1,0,0,1
3570000,-0.3000445257,0.6000000000,0.3333333333,0.3333333333,1,0,1,0,0,0.6666666667,0,1,1,0,0,1,1,0,0,1,0,1,0,1,1,0,0
3360000,-0.7612674072,0.6000000000,0.0000000000,0.3333333333,1,0,0,0,1,0.6666666667,0,-1,1,0,0,1,0,1,0,1,1,0,0,1,0,0,1
6195000,0.5532178050,0.4000000000,0.3333333333,0.6666666667,1,1,0,0,1,0.0000000000,0,1,1,0,1,0,0,1,0,1,1,0,0,1,1,0,0
4060000,-0.9918788480,0.6000000000,0.0000000000,0.6666666667,1,0,1,0,1,0.6666666667,0,0,1,0,0,1,1,0,0,1,1,0,0,1,0,1,0
1960000,-0.7981652377,0.8000000000,0.0000000000,0.3333333333,0,0,0,0,0,0.0000000000,0,-1,0,1,0,1,0,1,0,1,0,1,0,1,0,0,1
3640000,-0.4015135597,0.2000000000,0.0000000000,0.0000000000,1,0,0,0,1,0.6666666667,0,0,1,0,0,1,0,1,0,1,1,0,0,1,0,1,0
4025000,-0.7797163225,0.4000000000,0.3333333333,0.0000000000,1,0,1,0,1,0.3333333333,0,1,1,0,0,1,1,0,0,1,1,0,0,1,1,0,0
2660000,-0.5306559665,0.4000000000,0.0000000000,0.0000000000,1,0,0,0,0,0.0000000000,0,0,1,0,0,1,0,1,0,1,0,1,0,1,0,1,0
3395000,-0.7843285513,0.4000000000,0.0000000000,0.0000000000,1,0,1,0,0,0.6666666667,0,-1,1,0,0,1,1,0,0,1,0,1,0,1,0,0,1
4480000,-0.5306559665,0.4000000000,0.0000000000,0.3333333333,1,0,0,0,0,0.6666666667,0,1,1,0,0,1,0,1,0,1,0,1,0,1,1,0,0
3115000,-0.9918788480,0.4000000000,0.0000000000,0.0000000000,0,0,0,0,1,0.0000000000,0,-1,0,1,0,1,0,1,0,1,1,0,0,1,0,0,1
7560000,0.3917897965,0.6000000000,0.3333333333,1.0000000000,1,0,0,0,1,0.3333333333,0,1,1,0,0,1,0,1,0,1,1,0,0,1,1,0,0
4007500,-0.7797163225,0.6000000000,0.0000000000,0.3333333333,1,0,0,0,1,0.0000000000,0,0,1,0,0,1,0,1,0,1,1,0,0,1,0,1,0
4130000,-0.2391631054,0.6000000000,0.0000000000,0.3333333333,1,0,0,0,1,0.0000000000,0,0,1,0,0,1,0,1,0,1,1,0,0,1,0,1,0
4200000,-0.3000445257,0.4000000000,0.0000000000,0.0000000000,1,0,1,0,0,0.0000000000,0,1,1,0,0,1,1,0,0,1,0,1,0,1,1,0,0
2852500,0.0228114913,0.6000000000,0.0000000000,0.6666666667,1,0,0,0,0,0.0000000000,0,-1,1,0,0,1,0,1,0,1,0,1,0,1,0,0,1
4690000,0.1150560676,0.2000000000,0.0000000000,0.3333333333,1,0,0,0,0,0.0000000000,1,0,1,0,0,1,0,1,0,1,0,1,1,0,0,1,0
2233000,0.0689337795,0.4000000000,0.0000000000,0.0000000000,0,0,0,0,1,0.0000000000,1,-1,0,1,0,1,0,1,0,1,1,0,1,0,0,0,1
5383000,0.5993400932,0.4000000000,0.3333333333,0.0000000000,1,1,1,1,0,0.0000000000,0,-1,1,0,1,0,1,0,1,0,0,1,0,1,0,0,1
3710000,-0.7151451191,0.4000000000,0.0000000000,0.0000000000,1,0,0,0,0,0.3333333333,0,-1,1,0,0,1,0,1,0,1,0,1,0,1,0,0,1
3850000,0.0689337795,0.8000000000,0.3333333333,0.3333333333,1,0,0,0,0,0.0000000000,0,0,1,0,0,1,0,1,0,1,0,1,0,1,0,1,0
5005000,1.3834189917,0.4000000000,0.3333333333,0.0000000000,1,1,1,0,0,0.0000000000,0,0,1,0,1,0,1,0,0,1,0,1,0,1,0,1,0
3360000,-0.9457565598,0.4000000000,0.0000000000,0.3333333333,0,0,1,0,0,0.0000000000,0,0,0,1,0,1,1,0,0,1,0,1,0,1,0,1,0
2940000,0.6754418686,0.4000000000,0.0000000000,0.3333333333,1,0,0,0,0,0.0000000000,0,0,1,0,0,1,0,1,0,1,0,1,0,1,0,1,0
5250000,2.1444367462,0.6000000000,0.3333333333,0.3333333333,1,1,0,0,0,0.6666666667,0,0,1,0,1,0,0,1,0,1,0,1,0,1,0,1,0
4200000,-0.3415545851,0.2000000000,0.0000000000,0.0000000000,0,0,0,0,0,0.3333333333,0,-1,0,1,0,1,0,1,0,1,0,1,0,1,0,0,1
7560000,0.3917897965,0.4000000000,0.3333333333,0.6666666667,1,0,0,0,1,0.0000000000,0,0,1,0,0,1,0,1,0,1,1,0,0,1,0,1,0
3010000,-0.0343801460,0.4000000000,0.0000000000,0.0000000000,0,0,0,0,0,0.0000000000,0,-1,0,1,0,1,0,1,0,1,0,1,0,1,0,0,1
6755000,0.3917897965,0.6000000000,0.3333333333,1.0000000000,1,0,0,0,1,0.0000000000,0,-1,1,0,0,1,0,1,0,1,1,0,0,1,0,0,1
5600000,0.6685235254,0.6000000000,0.3333333333,0.0000000000,1,0,1,0,0,0.0000000000,1,0,1,0,0,1,1,0,0,1,0,1,1,0,0,1,0
4200000,-0.2539222376,0.4000000000,0.3333333333,0.3333333333,1,0,0,0,1,0.3333333333,0,0,1,0,0,1,0,1,0,1,1,0,0,1,0,1,0
3003000,1.3372967036,0.2000000000,0.0000000000,0.0000000000,1,0,0,0,0,0.0000000000,0,-1,1,0,0,1,0,1,0,1,0,1,0,1,0,0,1
5110000,-0.9918788480,0.4000000000,0.0000000000,0.3333333333,1,0,1,0,0,0.0000000000,0,-1,1,0,0,1,1,0,0,1,0,1,0,1,0,0,1
4956000,-1.0841234243,0.4000000000,0.3333333333,0.3333333333,0,0,1,0,1,0.3333333333,0,0,0,1,0,1,1,0,0,1,1,0,0,1,0,1,0
7350000,-0.0002496528,0.4000000000,0.3333333333,1.0000000000,1,0,0,0,1,0.6666666667,0,0,1,0,0,1,0,1,0,1,1,0,0,1,0,1,0
3150000,-0.7612674072,0.2000000000,0.0000000000,0.0000000000,0,0,1,0,0,0.0000000000,0,0,0,1,0,1,1,0,0,1,0,1,0,1,0,1,0
4060000,-0.3738401868,0.4000000000,0.0000000000,0.0000000000,1,0,0,0,0,0.0000000000,0,0,1,0,0,1,0,1,0,1,0,1,0,1,0,1,0
5950000,1.0006040001,0.6000000000,0.3333333333,0.3333333333,1,0,0,0,0,0.0000000000,0,1,1,0,0,1,0,1,0,1,0,1,0,1,1,0,0
3640000,-0.9088587293,0.4000000000,0.0000000000,0.3333333333,0,0,1,0,0,0.0000000000,0,0,0,1,0,1,1,0,0,1,0,1,0,1,0,1,0
5110000,-0.9918788480,0.4000000000,0.3333333333,0.3333333333,1,1,1,0,0,0.0000000000,0,1,1,0,1,0,1,0,0,1,0,1,0,1,1,0,0
3850000,-1.3719265023,0.2000000000,0.0000000000,0.3333333333,1,1,0,0,0,0.0000000000,1,0,1,0,1,0,0,1,0,1,0,1,1,0,0,1,0
4900000,-0.2908200681,0.4000000000,0.0000000000,0.3333333333,1,0,1,0,1,0.0000000000,0,0,1,0,0,1,1,0,0,1,1,0,0,1,0,1,0
8400000,0.8530126780,0.4000000000,0.0000000000,1.0000000000,1,0,0,0,1,0.6666666667,0,0,1,0,0,1,0,1,0,1,1,0,0,1,0,1,0
7700000,0.6131767796,0.4000000000,0.3333333333,1.0000000000,1,0,0,0,1,0.6666666667,0,-1,1,0,0,1,0,1,0,1,1,0,0,1,0,0,1
5425000,0.7722986737,0.4000000000,0.0000000000,0.0000000000,1,1,1,0,1,0.0000000000,1,0,1,0,1,0,1,0,0,1,1,0,1,0,0,1,0
2940000,-0.7151451191,0.4000000000,0.0000000000,0.3333333333,0,0,0,0,0,0.3333333333,0,-1,0,1,0,1,0,1,0,1,0,1,0,1,0,0,1
3325000,-0.1732082333,0.6000000000,0.0000000000,0.3333333333,1,0,0,0,0,0.0000000000,0,-1,1,0,0,1,0,1,0,1,0,1,0,1,0,0,1
4935000,0.3678062067,0.4000000000,0.0000000000,0.3333333333,1,0,0,0,1,0.0000000000,0,0,1,0,0,1,0,1,0,1,1,0,0,1,0,1,0
2870000,-0.9734299327,0.2000000000,0.0000000000,0.0000000000,0,0,0,0,0,0.0000000000,0,-1,0,1,0,1,0,1,0,1,0,1,0,1,0,0,1
3290000,0.3364430507,0.4000000000,0.0000000000,0.0000000000,1,0,0,0,0,0.3333333333,0,-1,1,0,0,1,0,1,0,1,0,1,0,1,0,0,1
9240000,-0.7612674072,0.6000000000,0.3333333333,0.3333333333,1,0,0,1,0,0.6666666667,0,1,1,0,0,1,0,1,1,0,0,1,0,1,1,0,0
3990000,-0.5075948224,0.2000000000,0.0000000000,0.3333333333,1,1,1,0,0,0.0000000000,1,-1,1,0,1,0,1,0,0,1,0,1,1,0,0,0,1
3465000,-1.3862244116,0.4000000000,0.0000000000,0.6666666667,1,0,0,0,0,0.0000000000,1,1,1,0,0,1,0,1,0,1,0,1,1,0,1,0,0
3430000,-1.3862244116,0.4000000000,0.0000000000,0.6666666667,1,0,0,0,0,0.0000000000,1,1,1,0,0,1,0,1,0,1,0,1,1,0,1,0,0
3920000,-0.9918788480,0.4000000000,0.0000000000,0.3333333333,1,0,0,0,0,0.0000000000,0,0,1,0,0,1,0,1,0,1,0,1,0,1,0,1,0
6650000,0.2534229321,0.4000000000,0.0000000000,0.0000000000,1,1,1,0,1,0.6666666667,1,1,1,0,1,0,1,0,0,1,1,0,1,0,1,0,0
3143000,-0.3000445257,0.4000000000,0.0000000000,0.3333333333,1,0,0,0,1,0.0000000000,0,-1,1,0,0,1,0,1,0,1,1,0,0,1,0,0,1
3773000,1.4295412799,0.4000000000,0.0000000000,0.0000000000,1,0,0,0,0,0.6666666667,0,1,1,0,0,1,0,1,0,1,0,1,0,1,1,0,0
5810000,-0.1616776613,0.4000000000,0.0000000000,0.6666666667,1,0,0,0,1,0.0000000000,0,-1,1,0,0,1,0,1,0,1,1,0,0,1,0,0,1
3290000,-0.9088587293,0.6000000000,0.0000000000,0.3333333333,1,0,1,0,1,0.0000000000,0,-1,1,0,0,1,1,0,0,1,1,0,0,1,0,0,1
2450000,-0.7612674072,0.2000000000,0.0000000000,0.0000000000,1,1,0,0,0,0.0000000000,0,-1,1,0,1,0,0,1,0,1,0,1,0,1,0,0,1
8400000,1.2911744154,0.8000000000,0.3333333333,0.3333333333,1,0,1,1,0,0.6666666667,0,-1,1,0,0,1,1,0,1,0,0,1,0,1,0,0,1
2590000,-0.3461668139,0.2000000000,0.0000000000,0.0000000000,1,0,0,0,0,0.0000000000,0,-1,1,0,0,1,0,1,0,1,0,1,0,1,0,0,1
7910000,0.3917897965,0.6000000000,0.3333333333,1.0000000000,1,0,0,0,1,0.3333333333,0,0,1,0,0,1,0,1,0,1,1,0,0,1,0,1,0
4130000,0.3848714533,0.4000000000,0.0000000000,0.0000000000,1,0,1,0,0,0.0000000000,0,0,1,0,0,1,1,0,0,1,0,1,0,1,0,1,0
6405000,-0.1616776613,0.4000000000,0.3333333333,1.0000000000,1,1,0,0,1,0.0000000000,0,1,1,0,1,0,0,1,0,1,1,0,0,1,1,0,0
2660000,-1.0841234243,0.4000000000,0.0000000000,0.0000000000,1,0,0,0,0,0.0000000000,0,-1,1,0,0,1,0,1,0,1,0,1,0,1,0,0,1
5250000,0.1611783558,0.4000000000,0.3333333333,0.0000000000,1,0,1,0,0,0.0000000000,0,0,1,0,0,1,1,0,0,1,0,1,0,1,0,1,0
3640000,-0.7520429496,0.2000000000,0.3333333333,0.0000000000,1,0,1,0,0,0.0000000000,0,0,1,0,0,1,1,0,0,1,0,1,0,1,0,1,0
4900000,0.7238702712,0.4000000000,0.0000000000,0.0000000000,1,0,0,0,0,0.0000000000,0,-1,1,0,0,1,0,1,0,1,0,1,0,1,0,0,1
3703000,0.1381172117,0.2000000000,0.0000000000,0.0000000000,1,0,0,0,0,0.0000000000,0,1,1,0,0,1,0,1,0,1,0,1,0,1,1,0,0
4123000,0.4194631694,0.2000000000,0.0000000000,0.0000000000,1,0,1,0,0,0.3333333333,0,0,1,0,0,1,1,0,0,1,0,1,0,1,0,1,0
4613000,-0.2954322969,0.6000000000,0.3333333333,0.3333333333,1,0,1,0,0,0.0000000000,0,0,1,0,0,1,1,0,0,1,0,1,0,1,0,1,0
3500000,-0.7151451191,1.0000000000,0.0000000000,0.3333333333,1,0,0,0,0,0.3333333333,0,-1,1,0,0,1,0,1,0,1,0,1,0,1,0,0,1
3500000,-0.6966962038,0.2000000000,0.0000000000,0.0000000000,1,0,0,0,0,0.3333333333,0,0,1,0,0,1,0,1,0,1,0,1,0,1,0,1,0
1750000,-1.0333889073,0.4000000000,0.0000000000,0.0000000000,0,0,0,0,0,0.0000000000,0,1,0,1,0,1,0,1,0,1,0,1,0,1,1,0,0
2800000,-1.1533068565,0.4000000000,0.0000000000,0.3333333333,1,0,1,0,0,0.3333333333,0,-1,1,0,0,1,1,0,0,1,0,1,0,1,0,0,1
4025000,0.1150560676,0.4000000000,0.0000000000,0.0000000000,1,0,0,0,0,1.0000000000,0,0,1,0,0,1,0,1,0,1,0,1,0,1,0,1,0
4200000,-1.3862244116,0.4000000000,0.0000000000,0.6666666667,1,0,0,0,0,0.3333333333,1,-1,1,0,0,1,0,1,0,1,0,1,1,0,0,0,1
4893000,-0.7981652377,0.6000000000,0.3333333333,0.3333333333,1,0,1,0,1,0.6666666667,0,0,1,0,0,1,1,0,0,1,1,0,0,1,0,1,0
4403000,-0.1247798308,0.4000000000,0.0000000000,0.0000000000,1,0,0,0,0,0.6666666667,1,-1,1,0,0,1,0,1,0,1,0,1,1,0,0,0,1
5250000,-0.4107380173,0.6000000000,0.0000000000,0.3333333333,1,0,1,0,1,0.0000000000,0,1,1,0,0,1,1,0,0,1,1,0,0,1,1,0,0
2940000,0.3226063643,0.4000000000,0.0000000000,0.3333333333,1,0,1,0,0,0.3333333333,0,-1,1,0,0,1,1,0,0,1,0,1,0,1,0,0,1
11410000,1.0467262882,0.6000000000,0.0000000000,0.3333333333,1,1,1,0,1,0.6666666667,0,1,1,0,1,0,1,0,0,1,1,0,0,1,1,0,0
7210000,0.3917897965,0.4000000000,0.3333333333,1.0000000000,1,1,0,0,1,0.3333333333,0,1,1,0,1,0,0,1,0,1,1,0,0,1,1,0,0
3780000,1.4987247121,0.2000000000,0.0000000000,0.0000000000,1,0,0,0,0,0.3333333333,0,1,1,0,0,1,0,1,0,1,0,1,0,1,1,0,0
3500000,-0.6920839750,0.4000000000,0.0000000000,0.3333333333,1,0,0,0,0,0.0000000000,0,-1,1,0,0,1,0,1,0,1,0,1,0,1,0,0,1
5229000,0.8922166229,0.4000000000,0.0000000000,0.0000000000,1,1,1,0,0,0.6666666667,1,0,1,0,1,0,1,0,0,1,0,1,1,0,0,1,0
5243000,0.4148509406,0.4000000000,0.0000000000,0.0000000000,1,0,1,0,0,0.0000000000,1,0,1,0,0,1,1,0,0,1,0,1,1,0,0,1,0
3500000,-1.3908366405,0.4000000000,0.3333333333,0.3333333333,0,0,0,0,0,0.0000000000,0,-1,0,1,0,1,0,1,0,1,0,1,0,1,0,0,1
1890000,-0.6925451979,0.2000000000,0.0000000000,0.0000000000,1,0,0,0,0,0.0000000000,0,-1,1,0,0,1,0,1,0,1,0,1,0,1,0,0,1
4515000,-0.7843285513,0.4000000000,0.0000000000,0.3333333333,1,0,1,0,0,0.3333333333,0,0,1,0,0,1,1,0,0,1,0,1,0,1,0,1,0
8750000,-0.3830646444,0.4000000000,0.0000000000,0.3333333333,1,0,1,1,0,0.6666666667,0,0,1,0,0,1,1,0,1,0,0,1,0,1,0,1,0
5040000,0.6685235254,0.4000000000,0.0000000000,0.0000000000,1,1,1,0,0,0.0000000000,1,1,1,0,1,0,1,0,0,1,0,1,1,0,1,0,0
5250000,1.5540714579,0.4000000000,0.0000000000,0.0000000000,1,0,0,0,1,0.6666666667,0,1,1,0,0,1,0,1,0,1,1,0,0,1,1,0,0
5950000,-0.6690228309,0.6000000000,0.0000000000,0.3333333333,1,1,0,0,1,0.0000000000,0,1,1,0,1,0,0,1,0,1,1,0,0,1,1,0,0
5390000,0.7192580424,0.4000000000,0.3333333333,0.3333333333,1,1,1,0,0,0.3333333333,1,1,1,0,1,0,1,0,0,1,0,1,1,0,1,0,0
5600000,-0.0694330850,0.4000000000,0.0000000000,1.0000000000,1,0,0,0,0,0.0000000000,0,1,1,0,0,1,0,1,0,1,0,1,0,1,1,0,0
4690000,-0.3830646444,0.4000000000,0.0000000000,0.0000000000,1,0,0,0,0,0.0000000000,1,0,1,0,0,1,0,1,0,1,0,1,1,0,0,1,0
3080000,-1.3793060684,0.4000000000,0.0000000000,0.3333333333,0,0,1,0,0,0.0000000000,0,0,0,1,0,1,1,0,0,1,0,1,0,1,0,1,0
3220000,-0.3830646444,0.4000000000,0.0000000000,0.0000000000,0,0,0,0,0,0.3333333333,0,-1,0,1,0,1,0,1,0,1,0,1,0,1,0,0,1
5873000,2.9100667295,0.4000000000,0.0000000000,0.6666666667,1,0,0,0,0,0.6666666667,1,0,1,0,0,1,0,1,0,1,0,1,1,0,0,1,0
6615000,-0.5306559665,0.4000000000,0.3333333333,0.3333333333,1,0,1,0,1,0.3333333333,0,0,1,0,0,1,1,0,0,1,1,0,0,1,0,1,0
4340000,-0.4960642504,0.4000000000,0.0000000000,0.0000000000,1,1,1,0,0,0.6666666667,0,0,1,0,1,0,1,0,0,1,0,1,0,1,0,1,0
4900000,-1.0057155344,0.4000000000,0.0000000000,0.6666666667,1,0,0,0,0,0.0000000000,0,0,1,0,0,1,0,1,0,1,0,1,0,1,0,1,0
3360000,-0.1847388053,0.2000000000,0.0000000000,0.0000000000,1,0,0,0,0,0.0000000000,0,-1,1,0,0,1,0,1,0,1,0,1,0,1,0,0,1
8680000,0.9245022246,0.4000000000,0.3333333333,0.0000000000,1,1,1,0,1,0.6666666667,0,-1,1,0,1,0,1,0,0,1,1,0,0,1,0,0,1
3780000,-0.7981652377,0.2000000000,0.0000000000,0.3333333333,1,0,0,1,0,0.3333333333,0,0,1,0,0,1,0,1,1,0,0,1,0,1,0,1,0
7980000,1.7754584410,0.6000000000,0.3333333333,1.0000000000,1,0,0,0,1,0.6666666667,0,1,1,0,0,1,0,1,0,1,1,0,0,1,1,0,0
4690000,0.0089748049,0.4000000000,0.0000000000,1.0000000000,1,0,0,0,1,0.0000000000,0,0,1,0,0,1,0,1,0,1,1,0,0,1,0,1,0
2730000,0.7607681017,0.2000000000,0.0000000000,0.0000000000,1,0,0,0,0,0.0000000000,0,-1,1,0,0,1,0,1,0,1,0,1,0,1,0,0,1
5652500,0.6961968983,0.6000000000,0.3333333333,0.3333333333,1,1,1,0,0,0.3333333333,1,0,1,0,1,0,1,0,0,1,0,1,1,0,0,1,0
4200000,0.3226063643,0.2000000000,0.0000000000,0.0000000000,1,1,1,0,0,0.6666666667,0,0,1,0,1,0,1,0,0,1,0,1,0,1,0,1,0
4200000,-0.4942193588,0.4000000000,0.0000000000,0.6666666667,1,0,0,0,0,0.0000000000,0,0,1,0,0,1,0,1,0,1,0,1,0,1,0,1,0
5600000,0.5578300339,0.4000000000,0.0000000000,0.6666666667,1,0,0,0,0,0.0000000000,1,0,1,0,0,1,0,1,0,1,0,1,1,0,0,1,0
2800000,-0.5491048817,0.4000000000,0.0000000000,0.0000000000,1,0,0,0,0,0.0000000000,0,1,1,0,0,1,0,1,0,1,0,1,0,1,1,0,0
12250000,1.7570095257,0.6000000000,1.0000000000,1.0000000000,1,0,0,0,1,1.0000000000,0,1,1,0,0,1,0,1,0,1,1,0,0,1,1,0,0
3850000,-1.4461833862,0.4000000000,0.0000000000,0.3333333333,1,0,1,0,0,0.0000000000,1,0,1,0,0,1,1,0,0,1,0,1,1,0,0,1,0
3290000,-1.2224902887,0.2000000000,0.0000000000,0.0000000000,0,0,0,0,1,0.0000000000,0,-1,0,1,0,1,0,1,0,1,1,0,0,1,0,0,1
2408000,-0.6990023182,0.2000000000,0.0000000000,0.0000000000,0,0,0,0,0,0.0000000000,0,-1,0,1,0,1,0,1,0,1,0,1,0,1,0,0,1
2695000,-0.5306559665,0.2000000000,0.0000000000,0.0000000000,1,0,0,0,0,0.0000000000,0,-1,1,0,0,1,0,1,0,1,0,1,0,1,0,0,1
3045000,-0.6229005428,0.2000000000,0.0000000000,0.0000000000,1,0,0,0,0,0.0000000000,0,-1,1,0,0,1,0,1,0,1,0,1,0,1,0,0,1
4655000,-0.6482678012,0.4000000000,0.0000000000,0.3333333333,1,0,1,0,0,0.0000000000,0,1,1,0,0,1,1,0,0,1,0,1,0,1,1,0,0
6475000,1.0421140594,0.4000000000,0.0000000000,0.0000000000,1,1,1,0,1,0.6666666667,1,-1,1,0,1,0,1,0,0,1,1,0,1,0,0,0,1
4200000,-1.1717557717,0.6000000000,0.6666666667,0.3333333333,0,0,0,0,0,0.0000000000,0,0,0,1,0,1,0,1,0,1,0,1,0,1,0,1,0
8043000,1.0753221069,0.4000000000,0.3333333333,0.6666666667,1,0,0,1,0,0.3333333333,1,1,1,0,0,1,0,1,1,0,0,1,1,0,1,0,0
4193000,-0.7843285513,0.4000000000,0.0000000000,0.3333333333,1,0,0,0,0,0.3333333333,0,0,1,0,0,1,0,1,0,1,0,1,0,1,0,1,0
9800000,0.2764840761,0.4000000000,0.3333333333,1.0000000000,1,1,0,0,1,0.3333333333,1,-1,1,0,1,0,0,1,0,1,1,0,1,0,0,0,1
3150000,1.7754584410,0.4000000000,0.0000000000,0.3333333333,1,0,0,0,0,0.6666666667,0,0,1,0,0,1,0,1,0,1,0,1,0,1,0,1,0
2520000,-1.0472255937,0.4000000000,0.0000000000,0.0000000000,0,0,0,0,0,0.0000000000,0,-1,0,1,0,1,0,1,0,1,0,1,0,1,0,0,1
4620000,-0.4568603054,0.4000000000,0.0000000000,0.0000000000,1,1,1,0,1,0.0000000000,0,-1,1,0,1,0,1,0,0,1,1,0,0,1,0,0,1
3500000,-0.2539222376,0.6000000000,0.0000000000,0.3333333333,1,0,0,0,0,0.0000000000,0,0,1,0,0,1,0,1,0,1,0,1,0,1,0,1,0
3780000,0.3133819067,0.2000000000,0.0000000000,0.0000000000,1,0,0,0,0,0.6666666667,0,-1,1,0,0,1,0,1,0,1,0,1,0,1,0,0,1
3850000,-0.9088587293,0.2000000000,0.3333333333,0.0000000000,1,0,1,0,0,0.6666666667,0,0,1,0,0,1,1,0,0,1,0,1,0,1,0,1,0
7140000,0.3917897965,0.4000000000,0.3333333333,0.3333333333,1,1,0,0,0,0.3333333333,0,0,1,0,1,0,0,1,0,1,0,1,0,1,0,1,0
6650000,0.6224012373,0.4000000000,0.3333333333,0.6666666667,1,0,0,0,1,0.0000000000,1,1,1,0,0,1,0,1,0,1,1,0,1,0,1,0,0
5523000,0.8068903899,0.4000000000,0.0000000000,0.0000000000,1,1,1,0,0,0.0000000000,1,0,1,0,1,0,1,0,0,1,0,1,1,0,0,1,0
4550000,-0.6413494580,0.4000000000,0.0000000000,0.0000000000,1,0,0,0,0,0.6666666667,0,0,1,0,0,1,0,1,0,1,0,1,0,1,0,1,0
3850000,-0.5998393987,0.2000000000,0.0000000000,0.0000000000,1,0,0,0,0,0.0000000000,0,0,1,0,0,1,0,1,0,1,0,1,0,1,0,1,0
3990000,-0.3000445257,0.4000000000,0.3333333333,0.3333333333,0,0,1,0,1,0.0000000000,0,0,0,1,0,1,1,0,0,1,1,0,0,1,0,1,0
6300000,0.9452572543,0.4000000000,0.3333333333,0.0000000000,1,0,1,0,1,1.0000000000,0,0,1,0,0,1,1,0,0,1,1,0,0,1,0,1,0
6020000,1.3142355595,0.4000000000,0.0000000000,0.0000000000,1,1,1,0,1,0.6666666667,1,0,1,0,1,0,1,0,0,1,1,0,1,0,0,1,0
5250000,-0.6229005428,0.4000000000,0.0000000000,0.3333333333,1,1,1,0,0,0.3333333333,1,-1,1,0,1,0,1,0,0,1,0,1,1,0,0,0,1
3325000,-0.5122070512,0.2000000000,0.0000000000,0.0000000000,1,0,0,0,0,0.3333333333,0,-1,1,0,0,1,0,1,0,1,0,1,0,1,0,0,1
6650000,-0.4107380173,0.6000000000,0.3333333333,0.3333333333,1,0,0,1,0,0.0000000000,0,0,1,0,0,1,0,1,1,0,0,1,0,1,0,1,0
3360000,-0.6597983733,0.2000000000,0.0000000000,0.0000000000,0,0,0,0,1,0.0000000000,0,-1,0,1,0,1,0,1,0,1,1,0,0,1,0,0,1
4900000,-0.4753092207,0.2000000000,0.0000000000,0.0000000000,1,0,1,0,0,0.3333333333,0,0,1,0,0,1,1,0,0,1,0,1,0,1,0,1,0
3710000,-0.5122070512,0.2000000000,0.0000000000,0.0000000000,1,0,0,0,0,0.0000000000,0,0,1,0,0,1,0,1,0,1,0,1,0,1,0,1,0
4970000,1.1694115747,0.4000000000,0.0000000000,0.0000000000,1,1,1,1,0,0.0000000000,0,0,1,0,1,0,1,0,1,0,0,1,0,1,0,1,0
5495000,-1.0762826353,0.6000000000,0.3333333333,0.3333333333,0,1,1,0,0,0.3333333333,0,1,0,1,1,0,1,0,0,1,0,1,0,1,1,0,0
3500000,-0.9752748242,0.4000000000,0.0000000000,0.3333333333,1,0,1,0,0,0.0000000000,0,0,1,0,0,1,1,0,0,1,0,1,0,1,0,1,0
2870000,-0.7013084326,0.2000000000,0.0000000000,0.0000000000,1,0,0,0,0,0.0000000000,0,-1,1,0,0,1,0,1,0,1,0,1,0,1,0,0,1
3710000,-0.5075948224,0.2000000000,0.0000000000,0.0000000000,1,0,0,0,0,0.0000000000,0,1,1,0,0,1,0,1,0,1,0,1,0,1,1,0,0
4200000,0.8530126780,0.4000000000,0.0000000000,0.0000000000,1,0,0,0,0,1.0000000000,0,1,1,0,0,1,0,1,0,1,0,1,0,1,1,0,0
6615000,2.4672927632,0.4000000000,0.3333333333,0.0000000000,1,0,1,0,1,0.3333333333,1,1,1,0,0,1,1,0,0,1,1,0,1,0,1,0,0
6895000,1.1758686951,0.4000000000,0.3333333333,0.0000000000,1,0,0,0,0,0.6666666667,0,-1,1,0,0,1,0,1,0,1,0,1,0,1,0,0,1
6083000,2.0614166275,0.4000000000,0.0000000000,0.0000000000,1,0,1,0,0,0.6666666667,1,1,1,0,0,1,1,0,0,1,0,1,1,0,1,0,0
3745000,-0.7704918648,0.2000000000,0.0000000000,0.0000000000,1,0,0,0,0,0.0000000000,1,0,1,0,0,1,0,1,0,1,0,1,1,0,0,1,0
5530000,-0.6920839750,0.4000000000,0.3333333333,0.3333333333,1,0,0,0,0,0.6666666667,0,0,1,0,0,1,0,1,0,1,0,1,0,1,0,1,0
3087000,1.3603578476,0.2000000000,0.0000000000,0.0000000000,1,0,0,0,0,0.3333333333,0,-1,1,0,0,1,0,1,0,1,0,1,0,1,0,0,1
3640000,-1.0610622802,0.4000000000,0.3333333333,0.3333333333,0,0,1,0,0,0.0000000000,1,-1,0,1,0,1,1,0,0,1,0,1,1,0,0,0,1
7070000,0.5024832881,0.6000000000,0.3333333333,0.3333333333,1,0,0,0,1,0.3333333333,0,1,1,0,0,1,0,1,0,1,1,0,0,1,1,0,0
13300000,1.0467262882,0.6000000000,0.3333333333,0.6666666667,1,0,0,0,1,0.6666666667,1,1,1,0,0,1,0,1,0,1,1,0,1,0,1,0,0
3332000,-1.3862244116,0.4000000000,0.0000000000,0.3333333333,1,0,1,0,0,0.0000000000,1,1,1,0,0,1,1,0,0,1,0,1,1,0,1,0,0
7455000,-0.3922891020,0.4000000000,0.3333333333,0.3333333333,1,0,1,0,0,0.3333333333,0,-1,1,0,0,1,1,0,0,1,0,1,0,1,0,0,1
1767150,-1.2686125769,0.4000000000,0.0000000000,0.0000000000,0,0,0,0,0,0.0000000000,0,0,0,1,0,1,0,1,0,1,0,1,0,1,0,1,0
4550000,-1.1994291446,0.4000000000,0.0000000000,0.3333333333,1,0,1,0,0,0.0000000000,0,1,1,0,0,1,1,0,0,1,0,1,0,1,1,0,0
3920000,0.1611783558,0.6000000000,0.0000000000,0.3333333333,1,1,1,0,0,0.0000000000,0,0,1,0,1,0,1,0,0,1,0,1,0,1,0,1,0
6300000,0.5762789491,0.4000000000,0.0000000000,0.0000000000,1,1,1,0,1,0.3333333333,1,0,1,0,1,0,1,0,0,1,1,0,1,0,0,1,0
3150000,-0.9600544691,0.2000000000,0.0000000000,0.0000000000,1,0,0,0,0,0.3333333333,0,-1,1,0,0,1,0,1,0,1,0,1,0,1,0,0,1
2380000,-0.8701160072,0.2000000000,0.0000000000,0.0000000000,1,0,0,0,0,0.0000000000,0,-1,1,0,0,1,0,1,0,1,0,1,0,1,0,0,1
5250000,0.0689337795,0.6000000000,0.3333333333,0.0000000000,1,0,0,0,1,0.0000000000,1,-1,1,0,0,1,0,1,0,1,1,0,1,0,0,0,1
4200000,0.1611783558,0.4000000000,0.0000000000,0.3333333333,1,0,0,0,1,0.0000000000,0,-1,1,0,0,1,0,1,0,1,1,0,0,1,0,0,1
6510000,1.4295412799,0.4000000000,0.3333333333,0.6666666667,1,0,0,0,1,0.0000000000,0,1,1,0,0,1,0,1,0,1,1,0,0,1,1,0,0
4900000,0.1150560676,0.6000000000,0.0000000000,0.3333333333,1,0,0,0,0,0.0000000000,0,0,1,0,0,1,0,1,0,1,0,1,0,1,0,1,0
8295000,-0.1247798308,0.6000000000,0.3333333333,0.3333333333,1,0,0,0,1,0.3333333333,1,1,1,0,0,1,0,1,0,1,1,0,1,0,1,0,0
3150000,0.7377069576,0.2000000000,0.0000000000,0.0000000000,1,0,0,0,0,0.0000000000,0,0,1,0,0,1,0,1,0,1,0,1,0,1,0,1,0
6300000,0.3917897965,0.6000000000,0.3333333333,1.0000000000,1,0,0,0,0,0.3333333333,0,0,1,0,0,1,0,1,0,1,0,1,0,1,0,1,0
3500000,2.0060698817,0.4000000000,0.0000000000,0.3333333333,1,0,0,0,0,1.0000000000,1,-1,1,0,0,1,0,1,0,1,0,1,1,0,0,0,1
3885000,-0.6321250004,0.2000000000,0.0000000000,0.3333333333,1,1,1,0,0,0.0000000000,0,0,1,0,1,0,1,0,0,1,0,1,0,1,0,1,0
3360000,-0.9065526149,0.2000000000,0.0000000000,0.0000000000,1,0,1,0,0,0.6666666667,0,1,1,0,0,1,1,0,0,1,0,1,0,1,1,0,0
5215000,-0.3000445257,0.6000000000,0.3333333333,0.0000000000,0,0,1,0,1,0.6666666667,0,0,0,1,0,1,1,0,0,1,1,0,0,1,0,1,0
6475000,-0.5491048817,0.4000000000,0.0000000000,0.0000000000,1,0,1,0,0,0.6666666667,0,0,1,0,0,1,1,0,0,1,0,1,0,1,0,1,0
3990000,-0.5491048817,0.4000000000,0.0000000000,0.3333333333,1,0,0,0,0,0.0000000000,0,1,1,0,0,1,0,1,0,1,0,1,0,1,1,0,0
7210000,1.1666442374,0.6000000000,0.3333333333,1.0000000000,1,1,0,0,1,0.3333333333,0,0,1,0,1,0,0,1,0,1,1,0,0,1,0,1,0
3815000,-0.9226954157,0.2000000000,0.3333333333,0.0000000000,0,0,1,0,0,0.0000000000,0,0,0,1,0,1,1,0,0,1,0,1,0,1,0,1,0
5215000,0.9452572543,0.4000000000,0.0000000000,0.3333333333,1,1,1,0,0,0.3333333333,1,1,1,0,1,0,1,0,0,1,0,1,1,0,1,0,0
4620000,-0.0648208562,0.4000000000,0.0000000000,0.3333333333,1,0,1,0,0,0.0000000000,0,0,1,0,0,1,1,0,0,1,0,1,0,1,0,1,0
9870000,1.3603578476,0.6000000000,0.0000000000,0.3333333333,1,1,1,0,1,0.6666666667,1,1,1,0,1,0,1,0,0,1,1,0,1,0,1,0,0
6230000,0.6685235254,0.4000000000,0.3333333333,0.0000000000,1,0,1,0,1,0.0000000000,1,-1,1,0,0,1,1,0,0,1,1,0,1,0,0,0,1
4235000,-1.0901193217,0.4000000000,0.0000000000,0.0000000000,1,0,1,0,0,0.0000000000,1,1,1,0,0,1,1,0,0,1,0,1,1,0,1,0,0
2100000,-0.8258386106,0.2000000000,0.0000000000,0.0000000000,1,0,0,0,0,0.3333333333,0,-1,1,0,0,1,0,1,0,1,0,1,0,1,0,0,1
4900000,0.2995452202,0.2000000000,0.0000000000,0.0000000000,1,1,1,0,1,0.0000000000,0,0,1,0,1,0,1,0,0,1,1,0,0,1,0,1,0
4340000,-0.3000445257,0.4000000000,0.3333333333,0.6666666667,1,0,0,1,0,0.3333333333,0,1,1,0,0,1,0,1,1,0,0,1,0,1,1,0,0
7000000,2.7786182082,0.4000000000,0.0000000000,0.0000000000,1,0,1,0,1,0.3333333333,1,1,1,0,0,1,1,0,0,1,1,0,1,0,1,0,0
2310000,-0.9088587293,0.2000000000,0.0000000000,0.0000000000,1,0,0,0,0,0.0000000000,0,-1,1,0,0,1,0,1,0,1,0,1,0,1,0,0,1
3129000,0.1588722414,0.4000000000,0.0000000000,0.0000000000,1,0,1,0,0,0.0000000000,0,-1,1,0,0,1,1,0,0,1,0,1,0,1,0,0,1
4690000,-0.7013084326,0.4000000000,0.0000000000,0.3333333333,1,0,0,0,0,0.6666666667,0,0,1,0,0,1,0,1,0,1,0,1,0,1,0,1,0
5740000,0.5578300339,0.4000000000,0.0000000000,0.0000000000,1,1,1,0,1,0.6666666667,1,1,1,0,1,0,1,0,0,1,1,0,1,0,1,0,0
3675000,-0.7013084326,0.2000000000,0.0000000000,0.0000000000,1,0,1,0,0,0.0000000000,0,1,1,0,0,1,1,0,0,1,0,1,0,1,1,0,0
5880000,0.9268083390,0.4000000000,0.0000000000,0.0000000000,1,0,1,0,0,0.6666666667,1,-1,1,0,0,1,1,0,0,1,0,1,1,0,0,0,1
3500000,0.3364430507,0.2000000000,0.0000000000,0.0000000000,1,0,0,0,0,0.0000000000,0,-1,1,0,0,1,0,1,0,1,0,1,0,1,0,0,1
12215000,1.0836241188,0.6000000000,0.3333333333,0.3333333333,1,0,1,0,1,1.0000000000,1,1,1,0,0,1,1,0,0,1,1,0,1,0,1,0,0
7245000,1.7754584410,0.6000000000,0.3333333333,1.0000000000,1,1,0,0,1,0.3333333333,1,1,1,0,1,0,0,1,0,1,1,0,1,0,1,0,0
5600000,-0.2077999494,0.6000000000,0.0000000000,0.3333333333,1,1,1,0,1,0.3333333333,0,1,1,0,1,0,1,0,0,1,1,0,0,1,1,0,0
5600000,0.1611783558,0.4000000000,0.3333333333,0.3333333333,1,0,0,0,0,0.3333333333,0,0,1,0,0,1,0,1,0,1,0,1,0,1,0,1,0
10150000,1.5817448308,0.6000000000,0.6666666667,1.0000000000,1,0,0,0,1,0.6666666667,1,0,1,0,0,1,0,1,0,1,1,0,1,0,0,1,0
3220000,-1.1376252785,0.2000000000,0.0000000000,0.0000000000,1,0,0,0,1,0.3333333333,0,-1,1,0,0,1,0,1,0,1,1,0,0,1,0,0,1
7420000,1.0559507459,0.4000000000,0.3333333333,0.0000000000,1,1,1,0,1,0.0000000000,1,0,1,0,1,0,1,0,0,1,1,0,1,0,0,1,0
4515000,2.1721101191,0.4000000000,0.0000000000,0.0000000000,1,0,0,0,0,0.0000000000,0,0,1,0,0,1,0,1,0,1,0,1,0,1,0,1,0
4340000,0.5993400932,0.6000000000,0.0000000000,0.3333333333,1,0,0,0,0,0.0000000000,0,0,1,0,0,1,0,1,0,1,0,1,0,1,0,1,0
3290000,0.4194631694,0.4000000000,0.0000000000,0.0000000000,1,1,1,0,0,0.0000000000,0,1,1,0,1,0,1,0,0,1,0,1,0,1,1,0,0
3640000,-0.9918788480,0.2000000000,0.0000000000,0.3333333333,1,0,0,0,1,0.0000000000,0,1,1,0,0,1,0,1,0,1,1,0,0,1,1,0,0
3850000,0.9231185560,0.4000000000,0.0000000000,0.3333333333,1,0,0,0,1,0.0000000000,0,1,1,0,0,1,0,1,0,1,1,0,0,1,1,0,0
5040000,-0.7428184920,0.2000000000,0.0000000000,0.0000000000,0,1,1,0,0,0.0000000000,0,0,0,1,1,0,1,0,0,1,0,1,0,1,0,1,0
5460000,0.4886466016,0.6000000000,0.0000000000,1.0000000000,1,1,0,0,1,0.0000000000,0,1,1,0,1,0,0,1,0,1,1,0,0,1,1,0,0
4760000,0.5398423415,0.4000000000,0.0000000000,0.3333333333,1,0,1,0,1,0.3333333333,0,1,1,0,0,1,1,0,0,1,1,0,0,1,1,0,0
3150000,-0.4868397927,0.2000000000,0.0000000000,0.0000000000,1,0,0,0,0,0.6666666667,0,0,1,0,0,1,0,1,0,1,0,1,0,1,0,1,0
4410000,-0.5454150987,0.4000000000,0.0000000000,0.3333333333,0,0,0,0,0,0.0000000000,0,0,0,1,0,1,0,1,0,1,0,1,0,1,0,1,0
3080000,-0.9503687886,0.2000000000,0.0000000000,0.0000000000,1,1,1,0,0,0.0000000000,0,-1,1,0,1,0,1,0,0,1,0,1,0,1,0,0,1
4473000,0.5578300339,0.2000000000,0.0000000000,0.0000000000,1,0,1,0,1,0.3333333333,0,1,1,0,0,1,1,0,0,1,1,0,0,1,1,0,0
7035000,0.5578300339,0.6000000000,0.3333333333,0.6666666667,1,0,0,0,1,0.6666666667,1,1,1,0,0,1,0,1,0,1,1,0,1,0,1,0,0
4200000,-0.5306559665,0.6000000000,0.3333333333,0.3333333333,0,0,0,0,0,0.0000000000,0,0,0,1,0,1,0,1,0,1,0,1,0,1,0,1,0
4025000,-0.7013084326,0.4000000000,0.3333333333,0.3333333333,1,0,0,1,0,0.6666666667,0,0,1,0,0,1,0,1,1,0,0,1,0,1,0,1,0
6650000,0.3917897965,0.4000000000,0.3333333333,0.6666666667,1,1,0,0,1,0.0000000000,0,1,1,0,1,0,0,1,0,1,1,0,0,1,1,0,0
8120000,0.7792170170,0.8000000000,0.0000000000,0.3333333333,1,1,1,0,1,0.3333333333,0,1,1,0,1,0,1,0,0,1,1,0,0,1,1,0,0
4620000,-0.5860027122,0.4000000000,0.3333333333,0.3333333333,1,0,1,0,0,0.6666666667,0,0,1,0,0,1,1,0,0,1,0,1,0,1,0,1,0
3010000,-0.7013084326,0.6000000000,0.0000000000,0.3333333333,1,0,0,0,0,1.0000000000,0,0,1,0,0,1,0,1,0,1,0,1,0,1,0,1,0
2940000,-0.7704918648,0.4000000000,0.0000000000,0.3333333333,0,0,0,0,0,0.3333333333,0,0,0,1,0,1,0,1,0,1,0,1,0,1,0,1,0
3990000,-0.4845336783,0.6000000000,0.0000000000,0.0000000000,0,0,1,0,0,0.0000000000,0,-1,0,1,0,1,1,0,0,1,0,1,0,1,0,0,1
5740000,-0.2354733223,0.6000000000,0.0000000000,0.3333333333,1,0,0,0,0,0.3333333333,0,0,1,0,0,1,0,1,0,1,0,1,0,1,0,1,0
6160000,-0.3000445257,0.4000000000,0.0000000000,1.0000000000,1,0,0,0,1,0.0000000000,0,-1,1,0,0,1,0,1,0,1,1,0,0,1,0,0,1
4585000,-0.6044516275,0.4000000000,0.0000000000,0.3333333333,1,0,0,0,0,0.3333333333,1,0,1,0,0,1,0,1,0,1,0,1,1,0,0,1,0
3570000,-0.3000445257,0.2000000000,0.0000000000,0.0000000000,0,0,0,0,0,0.0000000000,0,1,0,1,0,1,0,1,0,1,0,1,0,1,1,0,0
3990000,0.6131767796,0.4000000000,0.0000000000,0.3333333333,0,0,0,0,1,0.3333333333,0,0,0,1,0,1,0,1,0,1,1,0,0,1,0,1,0
4235000,0.6915846695,0.4000000000,0.0000000000,0.3333333333,1,1,0,0,0,0.0000000000,0,0,1,0,1,0,0,1,0,1,0,1,0,1,0,1,0
3500000,-0.9365321022,0.4000000000,0.0000000000,0.3333333333,1,0,0,0,0,0.3333333333,0,-1,1,0,0,1,0,1,0,1,0,1,0,1,0,0,1
4277000,-0.8073896954,0.4000000000,0.0000000000,0.3333333333,1,0,1,0,0,0.6666666667,1,0,1,0,0,1,1,0,0,1,0,1,1,0,0,1,0
6510000,0.7008091271,0.4000000000,0.0000000000,0.6666666667,1,0,1,0,0,0.0000000000,1,-1,1,0,0,1,1,0,0,1,0,1,1,0,0,0,1
9240000,1.2219909832,0.4000000000,0.3333333333,0.3333333333,1,0,0,0,0,0.0000000000,1,0,1,0,0,1,0,1,0,1,0,1,1,0,0,1,0
4753000,0.5947278644,0.2000000000,0.0000000000,0.0000000000,1,0,0,0,1,1.0000000000,0,0,1,0,0,1,0,1,0,1,1,0,0,1,0,1,0
3500000,1.0485711798,0.4000000000,0.0000000000,0.0000000000,0,0,0,0,0,0.0000000000,0,-1,0,1,0,1,0,1,0,1,0,1,0,1,0,0,1
5250000,0.6408501525,0.6000000000,0.3333333333,0.3333333333,0,0,0,0,1,0.0000000000,0,0,0,1,0,1,0,1,0,1,1,0,0,1,0,1,0
4200000,-0.6966962038,0.4000000000,0.3333333333,0.3333333333,1,0,1,0,0,0.0000000000,0,-1,1,0,0,1,1,0,0,1,0,1,0,1,0,0,1
3115000,-0.7612674072,0.2000000000,0.0000000000,0.0000000000,1,0,0,0,0,0.0000000000,0,-1,1,0,0,1,0,1,0,1,0,1,0,1,0,0,1
4550000,1.4987247121,0.6000000000,0.0000000000,1.0000000000,1,0,0,0,0,1.0000000000,0,-1,1,0,0,1,0,1,0,1,0,1,0,1,0,0,1
4795000,1.3603578476,0.6000000000,0.0000000000,1.0000000000,1,0,1,0,1,0.6666666667,0,0,1,0,0,1,1,0,0,1,1,0,0,1,0,1,0
5943000,4.8195294588,0.4000000000,0.0000000000,0.0000000000,1,0,0,0,1,0.6666666667,0,0,1,0,0,1,0,1,0,1,1,0,0,1,0,1,0
3535000,-0.5998393987,0.4000000000,0.0000000000,0.0000000000,1,0,0,0,0,0.6666666667,0,-1,1,0,0,1,0,1,0,1,0,1,0,1,0,0,1
6860000,0.3917897965,0.4000000000,0.0000000000,0.0000000000,1,0,0,0,1,0.3333333333,0,1,1,0,0,1,0,1,0,1,1,0,0,1,1,0,0
4970000,-0.3415545851,0.6000000000,0.6666666667,0.3333333333,1,0,1,0,0,0.6666666667,0,0,1,0,0,1,1,0,0,1,0,1,0,1,0,1,0
7700000,0.3917897965,0.6000000000,0.3333333333,1.0000000000,1,0,0,0,0,0.6666666667,0,0,1,0,0,1,0,1,0,1,0,1,0,1,0,1,0
5530000,-0.8535119835,0.4000000000,0.6666666667,0.3333333333,1,0,1,0,0,0.0000000000,0,0,1,0,0,1,1,0,0,1,0,1,0,1,0,1,0
7350000,0.3917897965,0.4000000000,0.0000000000,0.3333333333,1,0,0,0,1,0.3333333333,0,-1,1,0,0,1,0,1,0,1,1,0,0,1,0,0,1
2100000,-0.9918788480,0.6000000000,0.0000000000,0.3333333333,1,0,0,0,0,0.0000000000,0,-1,1,0,0,1,0,1,0,1,0,1,0,1,0,0,1
6107500,-0.8811853564,0.6000000000,0.0000000000,0.6666666667,1,0,0,0,0,0.3333333333,0,0,1,0,0,1,0,1,0,1,0,1,0,1,0,1,0
4410000,-0.1155553731,0.2000000000,0.0000000000,0.3333333333,1,0,1,0,0,0.0000000000,0,0,1,0,0,1,1,0,0,1,0,1,0,1,0,1,0
4515000,-0.7566551784,0.4000000000,0.0000000000,0.6666666667,1,0,0,0,0,0.0000000000,0,0,1,0,0,1,0,1,0,1,0,1,0,1,0,1,0
6265000,0.3917897965,0.6000000000,0.0000000000,0.6666666667,1,1,1,0,0,0.0000000000,1,-1,1,0,1,0,1,0,0,1,0,1,1,0,0,0,1
3465000,0.0781582371,0.2000000000,0.0000000000,0.0000000000,1,0,0,0,0,0.3333333333,1,-1,1,0,0,1,0,1,0,1,0,1,1,0,0,0,1
5530000,0.4379120847,0.4000000000,0.3333333333,0.0000000000,1,0,1,0,0,0.6666666667,1,1,1,0,0,1,1,0,0,1,0,1,1,0,1,0,0
5460000,0.4379120847,0.4000000000,0.0000000000,0.6666666667,1,1,0,0,1,0.0000000000,1,0,1,0,1,0,0,1,0,1,1,0,1,0,0,1,0
4095000,0.2073006439,0.2000000000,0.0000000000,0.0000000000,1,0,0,0,1,0.0000000000,0,0,1,0,0,1,0,1,0,1,1,0,0,1,0,1,0
3633000,-0.7520429496,0.4000000000,0.0000000000,0.0000000000,1,0,0,0,0,0.6666666667,1,-1,1,0,0,1,0,1,0,1,0,1,1,0,0,0,1
3773000,-1.2132658311,0.8000000000,0.3333333333,0.0000000000,0,0,1,0,1,0.3333333333,0,1,0,1,0,1,1,0,0,1,1,0,0,1,1,0,0
4165000,-0.1432287460,0.4000000000,0.0000000000,0.3333333333,1,0,0,0,0,0.3333333333,0,0,1,0,0,1,0,1,0,1,0,1,0,1,0,1,0
5145000,-0.8027774665,0.4000000000,0.0000000000,0.3333333333,0,0,0,0,1,0.0000000000,0,0,0,1,0,1,0,1,0,1,1,0,0,1,0,1,0
6195000,0.1611783558,0.4000000000,0.3333333333,0.0000000000,1,1,1,0,0,0.6666666667,1,1,1,0,1,0,1,0,0,1,0,1,1,0,1,0,0
4760000,1.8520214393,0.2000000000,0.0000000000,0.0000000000,1,0,1,0,1,0.6666666667,0,0,1,0,0,1,1,0,0,1,1,0,0,1,0,1,0
10850000,1.0836241188,0.4000000000,0.6666666667,0.0000000000,1,0,1,0,1,0.6666666667,1,0,1,0,0,1,1,0,0,1,1,0,1,0,0,1,0
3395000,-0.6966962038,0.2000000000,0.0000000000,0.0000000000,1,0,0,0,0,0.0000000000,0,1,1,0,0,1,0,1,0,1,0,1,0,1,1,0,0
5600000,2.4672927632,0.6000000000,0.3333333333,0.3333333333,1,0,0,0,0,0.3333333333,0,0,1,0,0,1,0,1,0,1,0,1,0,1,0,1,0
5950000,0.5089404084,0.6000000000,0.3333333333,0.0000000000,1,0,1,0,0,0.3333333333,1,0,1,0,0,1,1,0,0,1,0,1,1,0,0,1,0
6510000,-0.6413494580,0.4000000000,0.0000000000,0.3333333333,1,0,0,1,0,0.6666666667,0,0,1,0,0,1,0,1,1,0,0,1,0,1,0,1,0
6629000,0.3917897965,0.4000000000,0.0000000000,0.3333333333,1,0,0,1,0,0.3333333333,1,0,1,0,0,1,0,1,1,0,0,1,1,0,0,1,0
3640000,-1.3262654370,0.4000000000,0.0000000000,0.6666666667,1,0,0,1,1,0.0000000000,1,0,1,0,0,1,0,1,1,0,1,0,1,0,0,1,0
8540000,0.6408501525,0.6000000000,0.3333333333,0.3333333333,1,1,1,0,1,0.6666666667,1,1,1,0,1,0,1,0,0,1,1,0,1,0,1,0,0
2660000,-1.4531017295,0.2000000000,0.0000000000,0.3333333333,1,0,0,0,0,0.0000000000,0,0,1,0,0,1,0,1,0,1,0,1,0,1,0,1,0
6930000,3.7125945433,0.2000000000,0.0000000000,0.0000000000,1,0,1,1,0,0.3333333333,0,1,1,0,0,1,1,0,1,0,0,1,0,1,1,0,0
4907000,-0.4384113902,0.4000000000,0.0000000000,0.3333333333,1,0,0,0,0,0.3333333333,0,1,1,0,0,1,0,1,0,1,0,1,0,1,1,0,0
5040000,1.1297464069,0.6000000000,0.0000000000,0.3333333333,1,0,0,0,1,0.6666666667,0,1,1,0,0,1,0,1,0,1,1,0,0,1,1,0,0
3423000,-0.5122070512,0.2000000000,0.0000000000,0.0000000000,1,0,0,0,0,0.0000000000,0,-1,1,0,0,1,0,1,0,1,0,1,0,1,0,0,1
9800000,3.7125945433,0.4000000000,0.0000000000,0.3333333333,1,0,1,0,1,0.6666666667,1,1,1,0,0,1,1,0,0,1,1,0,1,0,1,0,0
4095000,-0.6782472885,0.4000000000,0.3333333333,0.3333333333,1,0,0,0,0,0.0000000000,0,0,1,0,0,1,0,1,0,1,0,1,0,1,0,1,0
3150000,-0.5371130868,0.2000000000,0.3333333333,0.0000000000,0,1,1,0,0,0.3333333333,0,-1,0,1,1,0,1,0,0,1,0,1,0,1,0,0,1
2240000,-1.4761628735,0.4000000000,0.0000000000,0.0000000000,0,0,0,1,0,0.0000000000,0,-1,0,1,0,1,0,1,1,0,0,1,0,1,0,0,1
4550000,0.0781582371,0.4000000000,0.0000000000,0.3333333333,1,1,1,0,0,0.0000000000,1,0,1,0,1,0,1,0,0,1,0,1,1,0,0,1,0
1890000,-1.5914685939,0.4000000000,0.0000000000,0.3333333333,1,0,0,0,0,0.0000000000,0,-1,1,0,0,1,0,1,0,1,0,1,0,1,0,0,1
4007500,-0.3000445257,0.4000000000,0.0000000000,0.3333333333,0,0,1,0,1,0.0000000000,0,0,0,1,0,1,1,0,0,1,1,0,0,1,0,1,0
3290000,-0.7704918648,0.6000000000,0.0000000000,0.3333333333,0,0,0,0,0,0.3333333333,0,0,0,1,0,1,0,1,0,1,0,1,0,1,0,1,0
5950000,0.9595551636,0.4000000000,0.0000000000,0.3333333333,1,1,1,0,1,0.0000000000,1,0,1,0,1,0,1,0,0,1,1,0,1,0,0,1,0
4550000,-0.6966962038,0.4000000000,0.0000000000,0.3333333333,1,0,0,0,1,0.0000000000,0,1,1,0,0,1,0,1,0,1,1,0,0,1,1,0,0
9100000,0.3917897965,0.6000000000,0.0000000000,0.3333333333,1,0,1,0,0,0.6666666667,0,0,1,0,0,1,1,0,0,1,0,1,0,1,0,1,0
2660000,-0.7013084326,0.4000000000,0.6666666667,0.3333333333,0,1,0,0,0,0.0000000000,0,-1,0,1,1,0,0,1,0,1,0,1,0,1,0,0,1
8190000,0.3733408813,0.4000000000,0.6666666667,0.3333333333,1,1,1,0,0,0.3333333333,0,-1,1,0,1,0,1,0,0,1,0,1,0,1,0,0,1
5033000,-0.1616776613,0.2000000000,0.0000000000,0.0000000000,1,1,1,0,0,0.0000000000,0,0,1,0,1,0,1,0,0,1,0,1,0,1,0,1,0
2660000,-0.7704918648,0.2000000000,0.0000000000,0.0000000000,1,0,0,0,0,0.3333333333,0,0,1,0,0,1,0,1,0,1,0,1,0,1,0,1,0
6300000,1.7754584410,0.4000000000,0.0000000000,0.0000000000,1,0,1,0,0,0.3333333333,1,1,1,0,0,1,1,0,0,1,0,1,1,0,1,0,0
4830000,-0.4568603054,0.4000000000,0.0000000000,0.6666666667,1,0,0,0,0,0.0000000000,0,-1,1,0,0,1,0,1,0,1,0,1,0,1,0,0,1
6720000,-0.0602086273,0.4000000000,0.0000000000,1.0000000000,1,0,0,0,1,0.0000000000,1,-1,1,0,0,1,0,1,0,1,1,0,1,0,0,0,1
3640000,0.3733408813,0.4000000000,0.0000000000,0.3333333333,1,1,1,0,0,0.0000000000,0,-1,1,0,1,0,1,0,0,1,0,1,0,1,0,0,1
4795000,0.8530126780,0.4000000000,0.0000000000,0.3333333333,1,0,1,0,0,0.0000000000,0,-1,1,0,0,1,1,0,0,1,0,1,0,1,0,0,1
2653000,-0.5306559665,0.4000000000,0.0000000000,0.3333333333,1,0,0,0,1,0.0000000000,0,-1,1,0,0,1,0,1,0,1,1,0,0,1,0,0,1
6230000,0.1611783558,0.4000000000,0.0000000000,0.6666666667,1,0,0,0,0,0.3333333333,1,-1,1,0,0,1,0,1,0,1,0,1,1,0,0,0,1
5775000,0.3917897965,0.4000000000,0.3333333333,1.0000000000,1,0,0,0,1,0.0000000000,0,-1,1,0,0,1,0,1,0,1,1,0,0,1,0,0,1
6930000,1.7201116952,0.4000000000,0.3333333333,0.3333333333,1,0,1,0,1,0.3333333333,0,1,1,0,0,1,1,0,0,1,1,0,0,1,1,0,0
6125000,0.5855034067,0.4000000000,0.0000000000,0.6666666667,1,0,1,0,0,0.0000000000,1,-1,1,0,0,1,1,0,0,1,0,1,1,0,0,0,1
4305000,2.4027215598,0.2000000000,0.0000000000,0.0000000000,1,0,0,0,0,0.3333333333,1,0,1,0,0,1,0,1,0,1,0,1,1,0,0,1,0
5075000,0.2626473897,0.2000000000,0.0000000000,0.3333333333,1,0,0,0,1,0.0000000000,1,-1,1,0,0,1,0,1,0,1,1,0,1,0,0,0,1
4270000,1.2081542968,0.2000000000,0.0000000000,0.0000000000,1,0,0,0,0,0.3333333333,0,1,1,0,0,1,0,1,0,1,0,1,0,1,1,0,0
4060000,-0.0731228680,0.4000000000,0.3333333333,0.3333333333,1,0,0,0,0,0.6666666667,0,-1,1,0,0,1,0,1,0,1,0,1,0,1,0,0,1
4830000,0.4102387118,0.4000000000,0.0000000000,0.0000000000,1,0,0,0,0,0.6666666667,1,0,1,0,0,1,0,1,0,1,0,1,1,0,0,1,0
3500000,-0.7704918648,0.4000000000,0.0000000000,0.0000000000,0,0,0,0,1,0.0000000000,0,-1,0,1,0,1,0,1,0,1,1,0,0,1,0,0,1
4200000,-0.0509841697,0.4000000000,0.0000000000,0.3333333333,1,0,1,0,1,0.0000000000,0,-1,1,0,0,1,1,0,0,1,1,0,0,1,0,0,1
6685000,0.6685235254,0.2000000000,0.3333333333,1.0000000000,1,0,1,0,0,0.0000000000,1,1,1,0,0,1,1,0,0,1,0,1,1,0,1,0,0
4690000,0.3917897965,0.2000000000,0.0000000000,0.0000000000,1,0,1,0,1,0.3333333333,0,1,1,0,0,1,1,0,0,1,1,0,0,1,1,0,0
8645000,-0.2723711528,0.4000000000,0.3333333333,0.3333333333,1,1,1,0,1,0.3333333333,0,1,1,0,1,0,1,0,0,1,1,0,0,1,1,0,0
6580000,0.3917897965,0.4000000000,0.3333333333,1.0000000000,1,0,0,0,1,0.0000000000,0,0,1,0,0,1,0,1,0,1,1,0,0,1,0,1,0
3836000,-0.8304508394,0.4000000000,0.0000000000,0.3333333333,1,0,0,0,0,0.0000000000,0,-1,1,0,0,1,0,1,0,1,0,1,0,1,0,0,1
7350000,0.3917897965,0.6000000000,0.3333333333,1.0000000000,1,1,0,0,1,0.3333333333,0,1,1,0,1,0,0,1,0,1,1,0,0,1,1,0,0
3290000,-0.5122070512,0.2000000000,0.0000000000,0.0000000000,1,0,0,0,0,0.0000000000,0,-1,1,0,0,1,0,1,0,1,0,1,0,1,0,0,1
3220000,-0.9365321022,0.4000000000,0.0000000000,0.3333333333,0,0,0,0,0,0.0000000000,0,1,0,1,0,1,0,1,0,1,0,1,0,1,1,0,0
4830000,0.7893639204,0.4000000000,0.0000000000,0.3333333333,1,0,0,0,1,0.6666666667,1,1,1,0,0,1,0,1,0,1,1,0,1,0,1,0,0
2450000,1.1758686951,0.2000000000,0.0000000000,0.0000000000,1,0,0,0,0,0.0000000000,0,-1,1,0,0,1,0,1,0,1,0,1,0,1,0,0,1
8855000,0.5855034067,0.4000000000,0.3333333333,0.3333333333,1,0,0,0,1,0.3333333333,1,0,1,0,0,1,0,1,0,1,1,0,1,0,0,1,0
7070000,1.7201116952,0.2000000000,0.0000000000,0.0000000000,1,0,0,0,1,0.3333333333,0,0,1,0,0,1,0,1,0,1,1,0,0,1,0,1,0
3010000,-0.2539222376,0.2000000000,0.0000000000,0.0000000000,1,0,0,0,0,0.0000000000,0,1,1,0,0,1,0,1,0,1,0,1,0,1,1,0,0
3150000,-1.6145297380,0.4000000000,0.0000000000,0.3333333333,0,0,1,0,0,0.0000000000,0,-1,0,1,0,1,1,0,0,1,0,1,0,1,0,0,1
1855000,-0.9964910768,0.2000000000,0.0000000000,0.0000000000,0,0,0,0,0,0.3333333333,0,-1,0,1,0,1,0,1,0,1,0,1,0,1,0,0,1
4620000,-1.0518378226,0.2000000000,0.0000000000,0.3333333333,1,1,1,0,0,0.0000000000,1,0,1,0,1,0,1,0,0,1,0,1,1,0,0,1,0
4305000,-0.3461668139,0.2000000000,0.0000000000,0.0000000000,1,0,0,0,0,0.3333333333,0,0,1,0,0,1,0,1,0,1,0,1,0,1,0,1,0
5460000,-0.9226954157,0.4000000000,0.3333333333,0.0000000000,1,1,1,0,1,0.0000000000,0,1,1,0,1,0,1,0,0,1,1,0,0,1,1,0,0
3640000,-0.4706969919,0.4000000000,0.3333333333,0.3333333333,1,0,0,0,0,0.6666666667,0,0,1,0,0,1,0,1,0,1,0,1,0,1,0,1,0
3234000,-0.6966962038,0.6000000000,0.0000000000,0.3333333333,1,0,1,0,0,0.0000000000,0,-1,1,0,0,1,1,0,0,1,0,1,0,1,0,0,1
5495000,1.3050111019,0.4000000000,0.0000000000,0.0000000000,1,0,0,0,0,0.6666666667,0,0,1,0,0,1,0,1,0,1,0,1,0,1,0,1,0
6090000,0.6685235254,0.4000000000,0.0000000000,0.0000000000,1,1,1,0,0,0.6666666667,1,0,1,0,1,0,1,0,0,1,0,1,1,0,0,1,0
3430000,-1.4761628735,0.4000000000,0.3333333333,0.3333333333,1,0,1,0,0,0.0000000000,1,-1,1,0,0,1,1,0,0,1,0,1,1,0,0,0,1
5040000,2.5595373395,0.4000000000,0.0000000000,0.3333333333,1,1,1,0,0,0.0000000000,0,0,1,0,1,0,1,0,0,1,0,1,0,1,0,1,0
6650000,0.5855034067,0.4000000000,0.3333333333,0.6666666667,1,0,0,0,1,0.0000000000,1,1,1,0,0,1,0,1,0,1,1,0,1,0,1,0,0
7490000,0.6685235254,0.4000000000,0.0000000000,1.0000000000,1,0,0,0,1,1.0000000000,1,1,1,0,0,1,0,1,0,1,1,0,1,0,1,0,0
5600000,-0.0067067731,0.4000000000,0.0000000000,0.3333333333,1,1,1,0,1,0.0000000000,1,-1,1,0,1,0,1,0,0,1,1,0,1,0,0,0,1
3010000,-0.9503687886,0.4000000000,0.0000000000,0.3333333333,0,0,0,0,0,0.0000000000,0,0,0,1,0,1,0,1,0,1,0,1,0,1,0,1,0
6083000,-0.3922891020,1.0000000000,0.3333333333,0.3333333333,1,0,0,0,0,0.0000000000,0,1,1,0,0,1,0,1,0,1,0,1,0,1,1,0,0
4060000,0.3456675084,0.6000000000,0.3333333333,0.3333333333,0,0,1,0,0,0.3333333333,0,-1,0,1,0,1,1,0,0,1,0,1,0,1,0,0,1
4550000,-0.7520429496,0.4000000000,0.0000000000,0.0000000000,1,0,0,0,0,0.0000000000,1,0,1,0,0,1,0,1,0,1,0,1,1,0,0,1,0
4473000,-0.9171607412,0.4000000000,0.0000000000,0.3333333333,1,0,0,0,1,0.3333333333,0,1,1,0,0,1,0,1,0,1,1,0,0,1,1,0,0
3773000,0.8207270763,0.6000000000,0.0000000000,0.3333333333,0,0,0,0,0,0.3333333333,0,1,0,1,0,1,0,1,0,1,0,1,0,1,1,0,0
2590000,-0.7151451191,0.2000000000,0.3333333333,0.3333333333,1,0,1,0,0,0.3333333333,0,1,1,0,0,1,1,0,0,1,0,1,0,1,1,0,0
5740000,0.1150560676,0.6000000000,0.3333333333,0.3333333333,1,0,0,0,1,0.6666666667,0,-1,1,0,0,1,0,1,0,1,1,0,0,1,0,0,1
3500000,-0.7557327326,0.2000000000,0.0000000000,0.0000000000,1,0,0,0,0,0.3333333333,1,-1,1,0,0,1,0,1,0,1,0,1,1,0,0,0,1
4473000,-0.7566551784,0.4000000000,0.0000000000,0.3333333333,1,0,0,0,0,0.0000000000,0,0,1,0,0,1,0,1,0,1,0,1,0,1,0,1,0
3570000,-0.9226954157,0.4000000000,0.0000000000,0.3333333333,1,0,1,0,0,0.0000000000,0,1,1,0,0,1,1,0,0,1,0,1,0,1,1,0,0
2835000,-1.1579190853,0.2000000000,0.0000000000,0.0000000000,0,0,0,0,0,0.3333333333,0,1,0,1,0,1,0,1,0,1,0,1,0,1,1,0,0
2520000,-0.9088587293,0.4000000000,0.0000000000,0.0000000000,0,0,0,0,0,0.0000000000,0,-1,0,1,0,1,0,1,0,1,0,1,0,1,0,0,1
4585000,-0.5306559665,0.4000000000,0.0000000000,0.3333333333,1,0,0,0,0,0.3333333333,0,1,1,0,0,1,0,1,0,1,0,1,0,1,1,0,0
3465000,-0.9642054751,0.4000000000,0.0000000000,0.0000000000,1,0,0,0,0,0.0000000000,0,-1,1,0,0,1,0,1,0,1,0,1,0,1,0,0,1
4382000,-0.0924942291,0.6000000000,0.0000000000,0.3333333333,1,0,0,0,1,0.0000000000,0,0,1,0,0,1,0,1,0,1,1,0,0,1,0,1,0
9310000,0.6454623813,0.6000000000,0.3333333333,0.3333333333,1,0,0,0,1,0.3333333333,1,0,1,0,0,1,0,1,0,1,1,0,1,0,0,1,0
5873000,0.1611783558,0.4000000000,0.0000000000,0.6666666667,1,1,0,0,1,0.3333333333,0,1,1,0,1,0,0,1,0,1,1,0,0,1,1,0,0
2450000,-0.8950220428,0.4000000000,0.0000000000,0.3333333333,1,0,1,0,0,0.0000000000,0,-1,1,0,0,1,1,0,0,1,0,1,0,1,0,0,1
2653000,-0.9065526149,0.2000000000,0.0000000000,0.0000000000,1,0,0,0,1,0.0000000000,0,-1,1,0,0,1,0,1,0,1,1,0,0,1,0,0,1
6440000,1.5817448308,0.8000000000,0.6666666667,0.3333333333,1,0,0,0,0,0.6666666667,0,1,1,0,0,1,0,1,0,1,0,1,0,1,1,0,0
4340000,-1.4969179032,0.8000000000,0.0000000000,0.3333333333,0,0,1,0,0,0.0000000000,0,0,0,1,0,1,1,0,0,1,0,1,0,1,0,1,0
4550000,0.0966071524,0.4000000000,0.0000000000,0.3333333333,1,0,0,0,0,0.6666666667,1,-1,1,0,0,1,0,1,0,1,0,1,1,0,0,0,1
2275000,-0.5444926529,0.4000000000,0.0000000000,0.3333333333,1,0,1,0,0,0.0000000000,0,-1,1,0,0,1,1,0,0,1,0,1,0,1,0,0,1
5803000,0.8530126780,0.4000000000,0.0000000000,0.0000000000,1,0,1,0,0,0.6666666667,1,0,1,0,0,1,1,0,0,1,0,1,1,0,0,1,0
3115000,-0.5998393987,0.4000000000,0.0000000000,0.3333333333,1,0,0,0,0,0.0000000000,0,-1,1,0,0,1,0,1,0,1,0,1,0,1,0,0,1
4900000,3.5742276788,0.4000000000,0.0000000000,0.0000000000,1,0,0,0,0,0.6666666667,0,1,1,0,0,1,0,1,0,1,0,1,0,1,1,0,0
4319000,-0.5158968343,0.2000000000,0.0000000000,0.0000000000,1,0,1,0,0,0.0000000000,0,1,1,0,0,1,1,0,0,1,0,1,0,1,1,0,0
8463000,0.3917897965,0.4000000000,0.3333333333,1.0000000000,1,1,1,0,1,0.0000000000,1,0,1,0,1,0,1,0,0,1,1,0,1,0,0,1,0
3430000,-1.1717557717,0.4000000000,0.0000000000,0.3333333333,1,0,1,0,0,0.0000000000,1,-1,1,0,0,1,1,0,0,1,0,1,1,0,0,0,1
8645000,1.3372967036,0.4000000000,0.0000000000,0.0000000000,1,1,1,0,1,0.3333333333,0,1,1,0,1,0,1,0,0,1,1,0,0,1,1,0,0
4865000,-0.3692279579,0.2000000000,0.0000000000,0.0000000000,1,0,1,0,0,0.0000000000,0,-1,1,0,0,1,1,0,0,1,0,1,0,1,0,0,1
6440000,-0.0694330850,0.4000000000,0.0000000000,0.3333333333,1,0,0,0,1,0.0000000000,0,0,1,0,0,1,0,1,0,1,1,0,0,1,0,1,0
6293000,0.6685235254,0.4000000000,0.3333333333,0.6666666667,1,0,0,0,1,0.0000000000,1,-1,1,0,0,1,0,1,0,1,1,0,1,0,0,0,1
9681000,0.3917897965,0.6000000000,0.6666666667,0.3333333333,1,1,1,1,0,0.6666666667,0,0,1,0,1,0,1,0,1,0,0,1,0,1,0,1,0
2275000,-0.5444926529,0.0000000000,0.0000000000,0.0000000000,0,0,0,0,0,0.0000000000,0,-1,0,1,0,1,0,1,0,1,0,1,0,1,0,0,1
6160000,0.1381172117,0.6000000000,0.3333333333,0.0000000000,1,0,1,0,1,0.0000000000,1,0,1,0,0,1,1,0,0,1,1,0,1,0,0,1,0
4340000,-0.7612674072,0.6000000000,0.0000000000,0.3333333333,1,0,0,0,0,0.6666666667,0,1,1,0,0,1,0,1,0,1,0,1,0,1,1,0,0
4543000,-0.0740453138,0.6000000000,0.3333333333,0.3333333333,1,1,1,0,0,0.0000000000,1,1,1,0,1,0,1,0,0,1,0,1,1,0,1,0,0
3220000,-0.3600035003,0.4000000000,0.0000000000,0.3333333333,1,0,0,0,0,0.0000000000,0,-1,1,0,0,1,0,1,0,1,0,1,0,1,0,0,1
3500000,1.0144406865,0.2000000000,0.0000000000,0.0000000000,1,0,0,0,0,0.3333333333,0,0,1,0,0,1,0,1,0,1,0,1,0,1,0,1,0
5740000,0.2995452202,0.4000000000,0.3333333333,1.0000000000,1,0,0,0,1,0.0000000000,0,-1,1,0,0,1,0,1,0,1,1,0,0,1,0,0,1
7875000,0.6454623813,0.4000000000,0.0000000000,0.3333333333,1,0,1,0,1,0.0000000000,1,1,1,0,0,1,1,0,0,1,1,0,1,0,1,0,0
2870000,0.3917897965,0.2000000000,0.0000000000,0.0000000000,1,0,0,0,0,0.0000000000,0,0,1,0,0,1,0,1,0,1,0,1,0,1,0,1,0
3395000,-0.1685960045,0.4000000000,0.0000000000,0.3333333333,1,1,1,0,1,0.3333333333,0,1,1,0,1,0,1,0,0,1,1,0,0,1,1,0,0
3010000,-0.8811853564,0.4000000000,0.0000000000,0.3333333333,1,0,0,0,0,0.6666666667,0,0,1,0,0,1,0,1,0,1,0,1,0,1,0,1,0
3080000,-0.0878820002,0.2000000000,0.0000000000,0.0000000000,1,0,1,0,1,0.0000000000,0,-1,1,0,0,1,1,0,0,1,1,0,0,1,0,0,1
4480000,-0.2954322969,0.6000000000,0.0000000000,0.3333333333,1,0,0,0,1,0.6666666667,0,0,1,0,0,1,0,1,0,1,1,0,0,1,0,1,0
3640000,-0.7289818055,0.4000000000,0.0000000000,0.3333333333,1,0,1,0,0,0.0000000000,0,0,1,0,0,1,1,0,0,1,0,1,0,1,0,1,0
5250000,1.4987247121,0.4000000000,0.0000000000,0.3333333333,1,1,1,0,1,0.6666666667,1,-1,1,0,1,0,1,0,0,1,1,0,1,0,0,0,1
5250000,2.3607502776,0.4000000000,0.0000000000,0.0000000000,1,0,0,0,0,0.3333333333,1,0,1,0,0,1,0,1,0,1,0,1,1,0,0,1,0
4543000,-0.4845336783,0.2000000000,0.3333333333,0.0000000000,1,1,1,0,0,0.0000000000,0,0,1,0,1,0,1,0,0,1,0,1,0,1,0,1,0
4900000,-0.1755143477,0.4000000000,0.0000000000,0.0000000000,1,1,1,0,0,0.0000000000,0,0,1,0,1,0,1,0,0,1,0,1,0,1,0,1,0
3500000,0.3456675084,0.2000000000,0.0000000000,0.0000000000,1,0,0,0,0,0.3333333333,0,1,1,0,0,1,0,1,0,1,0,1,0,1,1,0,0
4270000,-0.3646157291,0.6000000000,0.0000000000,0.3333333333,1,0,0,0,0,0.0000000000,0,1,1,0,0,1,0,1,0,1,0,1,0,1,1,0,0
5285000,-0.2539222376,0.2000000000,0.3333333333,0.0000000000,1,0,0,0,1,0.6666666667,0,0,1,0,0,1,0,1,0,1,1,0,0,1,0,1,0
6790000,-0.5306559665,0.4000000000,0.3333333333,0.3333333333,1,0,1,0,1,0.0000000000,1,0,1,0,0,1,1,0,0,1,1,0,1,0,0,1,0
8890000,-0.2539222376,0.4000000000,0.3333333333,0.3333333333,1,1,0,0,1,0.6666666667,0,1,1,0,1,0,0,1,0,1,1,0,0,1,1,0,0
3290000,-1.3862244116,0.4000000000,0.0000000000,0.3333333333,1,0,1,0,0,0.0000000000,1,1,1,0,0,1,1,0,0,1,0,1,1,0,1,0,0
3500000,-0.5352681953,0.4000000000,0.0000000000,0.3333333333,1,0,0,0,0,0.0000000000,0,0,1,0,0,1,0,1,0,1,0,1,0,1,0,1,0
8575000,1.6832138647,0.4000000000,0.3333333333,0.3333333333,1,0,0,0,1,0.6666666667,0,1,1,0,0,1,0,1,0,1,1,0,0,1,1,0,0
4767000,-0.7981652377,0.6000000000,0.3333333333,0.3333333333,1,0,0,0,0,0.0000000000,0,0,1,0,0,1,0,1,0,1,0,1,0,1,0,1,0
4200000,-0.7520429496,0.4000000000,0.0000000000,0.3333333333,1,0,0,0,0,0.0000000000,1,0,1,0,0,1,0,1,0,1,0,1,1,0,0,1,0
4900000,-0.9918788480,0.4000000000,0.0000000000,0.3333333333,1,0,1,0,1,0.0000000000,0,0,1,0,0,1,1,0,0,1,1,0,0,1,0,1,0
4480000,1.4295412799,0.4000000000,0.0000000000,0.0000000000,1,0,0,0,0,0.0000000000,0,1,1,0,0,1,0,1,0,1,0,1,0,1,1,0,0
6300000,-0.4845336783,0.4000000000,0.3333333333,0.6666666667,1,0,0,0,1,0.6666666667,0,0,1,0,0,1,0,1,0,1,1,0,0,1,0,1,0
3920000,-0.6155209767,0.2000000000,0.0000000000,0.0000000000,1,0,1,0,1,0.6666666667,0,1,1,0,0,1,1,0,0,1,1,0,0,1,1,0,0
4165000,-0.4937581359,0.4000000000,0.0000000000,0.3333333333,1,0,0,0,0,0.6666666667,0,0,1,0,0,1,0,1,0,1,0,1,0,1,0,1,0
5110000,0.4379120847,0.4000000000,0.0000000000,0.0000000000,1,0,1,0,1,0.0000000000,1,0,1,0,0,1,1,0,0,1,1,0,1,0,0,1,0
2660000,-0.5610966766,0.2000000000,0.0000000000,0.0000000000,1,0,0,0,0,0.0000000000,0,-1,1,0,0,1,0,1,0,1,0,1,0,1,0,0,1
2135000,-0.9918788480,0.2000000000,0.0000000000,0.0000000000,0,0,0,0,0,0.0000000000,0,-1,0,1,0,1,0,1,0,1,0,1,0,1,0,0,1
5880000,0.6224012373,0.4000000000,0.3333333333,0.6666666667,1,0,0,0,1,0.0000000000,0,-1,1,0,0,1,0,1,0,1,1,0,0,1,0,0,1
4270000,-1.3723877252,0.4000000000,0.0000000000,0.3333333333,0,1,1,0,1,0.0000000000,0,-1,0,1,1,0,1,0,0,1,1,0,0,1,0,0,1
2450000,-0.9918788480,0.2000000000,0.0000000000,0.0000000000,1,0,0,0,0,0.3333333333,0,-1,1,0,0,1,0,1,0,1,0,1,0,1,0,0,1
3703000,-0.9365321022,0.4000000000,0.0000000000,0.3333333333,0,0,1,1,0,0.0000000000,0,0,0,1,0,1,1,0,1,0,0,1,0,1,0,1,0
7420000,1.0559507459,0.4000000000,0.3333333333,1.0000000000,1,0,0,0,0,0.3333333333,1,-1,1,0,0,1,0,1,0,1,0,1,1,0,0,0,1
2730000,-0.5306559665,0.4000000000,0.0000000000,0.3333333333,1,0,0,0,0,0.3333333333,0,-1,1,0,0,1,0,1,0,1,0,1,0,1,0,0,1
2660000,-1.2547758904,0.4000000000,0.0000000000,0.0000000000,0,0,0,0,0,0.0000000000,0,-1,0,1,0,1,0,1,0,1,0,1,0,1,0,0,1
1750000,-0.5998393987,0.4000000000,0.0000000000,0.3333333333,1,0,0,0,0,0.0000000000,0,-1,1,0,0,1,0,1,0,1,0,1,0,1,0,0,1
8400000,1.0720935467,0.4000000000,0.3333333333,1.0000000000,1,0,0,0,1,0.6666666667,0,-1,1,0,0,1,0,1,0,1,1,0,0,1,0,0,1
4900000,0.5301566610,0.4000000000,0.0000000000,0.0000000000,1,0,0,0,1,0.6666666667,0,0,1,0,0,1,0,1,0,1,1,0,0,1,0,1,0
7420000,0.5416872330,0.4000000000,0.0000000000,1.0000000000,1,0,0,0,1,0.3333333333,0,-1,1,0,0,1,0,1,0,1,1,0,0,1,0,0,1
6419000,0.7377069576,0.2000000000,0.0000000000,0.0000000000,1,1,1,0,0,0.6666666667,1,1,1,0,1,0,1,0,0,1,0,1,1,0,1,0,0
3675000,-0.7151451191,0.2000000000,0.0000000000,0.0000000000,1,0,0,0,0,0.0000000000,0,1,1,0,0,1,0,1,0,1,0,1,0,1,1,0,0
2520000,-0.9918788480,0.2000000000,0.0000000000,0.3333333333,1,0,0,0,0,0.0000000000,0,1,1,0,0,1,0,1,0,1,0,1,0,1,1,0,0
2485000,-0.9918788480,0.4000000000,0.0000000000,0.3333333333,0,0,0,0,0,0.0000000000,0,0,0,1,0,1,0,1,0,1,0,1,0,1,0,1,0
3780000,-0.7151451191,0.2000000000,0.0000000000,0.0000000000,1,0,0,0,0,0.0000000000,0,0,1,0,0,1,0,1,0,1,0,1,0,1,0,1,0
4060000,-0.3830646444,0.4000000000,0.0000000000,0.3333333333,1,0,0,0,0,0.6666666667,1,1,1,0,0,1,0,1,0,1,0,1,1,0,1,0,0
2485000,-0.3461668139,0.4000000000,0.0000000000,0.3333333333,1,0,0,0,0,0.0000000000,0,-1,1,0,0,1,0,1,0,1,0,1,0,1,0,0,1
3710000,0.4010142541,0.4000000000,0.0000000000,0.0000000000,1,0,0,0,0,0.0000000000,0,0,1,0,0,1,0,1,0,1,0,1,0,1,0,1,0
4480000,0.3387491651,0.2000000000,0.0000000000,0.0000000000,1,0,0,0,1,0.3333333333,0,-1,1,0,0,1,0,1,0,1,1,0,0,1,0,0,1
2870000,0.1150560676,0.6000000000,0.0000000000,0.3333333333,1,0,0,0,0,0.0000000000,0,-1,1,0,0,1,0,1,0,1,0,1,0,1,0,0,1
4375000,-0.5767782546,0.4000000000,0.0000000000,0.3333333333,1,0,0,0,0,0.0000000000,0,-1,1,0,0,1,0,1,0,1,0,1,0,1,0,0,1
2940000,-0.0878820002,0.2000000000,0.0000000000,0.0000000000,1,0,0,0,0,0.0000000000,0,-1,1,0,0,1,0,1,0,1,0,1,0,1,0,0,1
5565000,0.1150560676,0.8000000000,0.0000000000,0.3333333333,1,1,1,0,1,0.0000000000,1,1,1,0,1,0,1,0,0,1,1,0,1,0,1,0,0
10150000,5.0962631877,0.8000000000,0.6666666667,0.3333333333,1,0,0,0,0,0.0000000000,0,-1,1,0,0,1,0,1,0,1,0,1,0,1,0,0,1
6650000,-0.5122070512,0.4000000000,0.0000000000,0.3333333333,1,0,1,1,0,0.3333333333,0,1,1,0,0,1,1,0,1,0,0,1,0,1,1,0,0
1820000,-0.9918788480,0.2000000000,0.0000000000,0.0000000000,1,0,1,0,0,0.6666666667,0,-1,1,0,0,1,1,0,0,1,0,1,0,1,0,0,1
4515000,-0.7520429496,0.2000000000,0.0000000000,0.3333333333,1,0,0,0,0,0.0000000000,1,1,1,0,0,1,0,1,0,1,0,1,1,0,1,0,0
3360000,-0.4753092207,0.2000000000,0.0000000000,0.3333333333,1,0,0,0,0,0.0000000000,0,-1,1,0,0,1,0,1,0,1,0,1,0,1,0,0,1
3710000,-0.7225246852,0.2000000000,0.0000000000,0.0000000000,1,0,0,1,0,0.0000000000,0,0,1,0,0,1,0,1,1,0,0,1,0,1,0,1,0
3353000,-1.1302457124,0.4000000000,0.0000000000,0.0000000000,0,0,0,0,0,0.0000000000,0,1,0,1,0,1,0,1,0,1,0,1,0,1,1,0,0
3570000,-0.6966962038,0.2000000000,0.0000000000,0.0000000000,1,0,0,0,0,0.0000000000,0,-1,1,0,0,1,0,1,0,1,0,1,0,1,0,0,1
4270000,0.5578300339,0.2000000000,0.0000000000,0.3333333333,1,0,0,0,0,0.0000000000,0,-1,1,0,0,1,0,1,0,1,0,1,0,1,0,0,1
2940000,-0.9226954157,0.4000000000,0.0000000000,0.3333333333,0,0,0,0,0,0.0000000000,0,-1,0,1,0,1,0,1,0,1,0,1,0,1,0,0,1
6790000,3.2006371448,0.6000000000,0.3333333333,0.3333333333,1,0,0,0,0,0.6666666667,1,1,1,0,0,1,0,1,0,1,0,1,1,0,1,0,0
3290000,-0.6265903258,0.6000000000,0.0000000000,0.3333333333,1,0,0,0,0,0.0000000000,0,0,1,0,0,1,0,1,0,1,0,1,0,1,0,1,0
5565000,-0.3461668139,0.6000000000,0.0000000000,0.3333333333,1,0,0,0,1,0.6666666667,1,0,1,0,0,1,0,1,0,1,1,0,1,0,0,1,0
4403000,-0.1063309155,0.4000000000,0.0000000000,0.3333333333,1,0,0,0,0,0.3333333333,0,0,1,0,0,1,0,1,0,1,0,1,0,1,0,1,0
4200000,-1.3032042930,0.4000000000,0.0000000000,0.3333333333,0,0,0,0,0,0.0000000000,0,0,0,1,0,1,0,1,0,1,0,1,0,1,0,1,0
2275000,-1.5287422820,0.2000000000,0.0000000000,0.0000000000,0,0,1,0,0,0.0000000000,0,0,0,1,0,1,1,0,0,1,0,1,0,1,0,1,0
5810000,0.0228114913,0.4000000000,0.0000000000,0.6666666667,1,0,0,0,1,0.0000000000,0,0,1,0,0,1,0,1,0,1,1,0,0,1,0,1,0
7343000,2.9008422718,0.6000000000,0.0000000000,0.3333333333,1,0,1,0,0,0.3333333333,1,0,1,0,0,1,1,0,0,1,0,1,1,0,0,1,0
3255000,-0.5629415682,0.2000000000,0.0000000000,0.0000000000,0,0,0,0,0,0.0000000000,0,-1,0,1,0,1,0,1,0,1,0,1,0,1,0,0,1
4893000,-0.0717391994,0.6000000000,0.3333333333,0.0000000000,1,0,1,0,0,0.0000000000,0,0,1,0,0,1,1,0,0,1,0,1,0,1,0,1,0
5600000,2.4672927632,0.2000000000,0.0000000000,0.0000000000,1,0,0,0,0,0.3333333333,0,0,1,0,0,1,0,1,0,1,0,1,0,1,0,1,0
5215000,-0.9088587293,0.4000000000,0.3333333333,0.3333333333,1,0,0,0,0,0.6666666667,0,0,1,0,0,1,0,1,0,1,0,1,0,1,0,1,0
5950000,0.6339318093,0.4000000000,0.3333333333,1.0000000000,1,0,0,0,0,0.3333333333,0,1,1,0,0,1,0,1,0,1,0,1,0,1,1,0,0
1750000,-0.7059206614,0.2000000000,0.0000000000,0.0000000000,1,0,0,0,0,0.0000000000,0,-1,1,0,0,1,0,1,0,1,0,1,0,1,0,0,1
3430000,-0.5998393987,0.4000000000,0.0000000000,0.0000000000,1,0,0,0,0,0.0000000000,0,-1,1,0,0,1,0,1,0,1,0,1,0,1,0,0,1
3920000,0.9729306272,0.4000000000,0.3333333333,0.0000000000,1,1,1,0,0,1.0000000000,0,1,1,0,1,0,1,0,0,1,0,1,0,1,1,0,0
6020000,0.7607681017,0.2000000000,0.0000000000,0.0000000000,1,1,1,0,0,0.6666666667,0,1,1,0,1,0,1,0,0,1,0,1,0,1,1,0,0
6020000,0.8068903899,0.4000000000,0.3333333333,0.0000000000,1,1,1,0,0,0.0000000000,1,-1,1,0,1,0,1,0,0,1,0,1,1,0,0,0,1
2975000,-0.3683055122,0.6000000000,0.0000000000,0.3333333333,0,0,0,0,0,0.3333333333,0,-1,0,1,0,1,0,1,0,1,0,1,0,1,0,0,1
2380000,-1.2340208607,0.4000000000,0.0000000000,0.3333333333,1,0,0,0,0,0.0000000000,0,1,1,0,0,1,0,1,0,1,0,1,0,1,1,0,0
3675000,0.2257495592,0.2000000000,0.0000000000,0.0000000000,0,0,0,0,0,0.0000000000,0,0,0,1,0,1,0,1,0,1,0,1,0,1,0,1,0
2380000,-1.0901193217,0.6000000000,0.3333333333,0.3333333333,1,0,0,0,0,0.0000000000,0,1,1,0,0,1,0,1,0,1,0,1,0,1,1,0,0
3080000,-0.3000445257,0.2000000000,0.0000000000,0.3333333333,1,0,0,1,0,0.3333333333,0,0,1,0,0,1,0,1,1,0,0,1,0,1,0,1,0
4270000,-0.3000445257,0.2000000000,0.0000000000,0.0000000000,1,0,0,0,1,0.6666666667,0,1,1,0,0,1,0,1,0,1,1,0,0,1,1,0,0
3780000,-1.0582949429,0.4000000000,0.0000000000,0.6666666667,1,0,0,0,0,0.0000000000,1,1,1,0,0,1,0,1,0,1,0,1,1,0,1,0,0
4193000,1.4295412799,0.4000000000,0.0000000000,0.0000000000,1,0,1,0,0,1.0000000000,0,0,1,0,0,1,1,0,0,1,0,1,0,1,0,1,0
6090000,0.6754418686,0.6000000000,0.3333333333,0.3333333333,1,1,0,1,0,0.3333333333,0,0,1,0,1,0,0,1,1,0,0,1,0,1,0,1,0
5740000,-0.0694330850,0.4000000000,0.0000000000,0.6666666667,1,0,0,0,1,0.0000000000,0,0,1,0,0,1,0,1,0,1,1,0,0,1,0,1,0
4200000,-1.1085682370,0.6000000000,0.3333333333,0.3333333333,0,0,0,0,0,0.0000000000,0,0,0,1,0,1,0,1,0,1,0,1,0,1,0,1,0
3605000,-0.3000445257,0.2000000000,0.0000000000,0.0000000000,1,0,0,0,0,0.0000000000,0,0,1,0,0,1,0,1,0,1,0,1,0,1,0,1,0
6195000,0.1611783558,0.4000000000,0.3333333333,1.0000000000,1,1,0,0,1,0.3333333333,0,0,1,0,1,0,0,1,0,1,1,0,0,1,0,1,0
5950000,0.5855034067,0.4000000000,0.0000000000,0.0000000000,1,0,1,0,1,0.0000000000,1,1,1,0,0,1,1,0,0,1,1,0,1,0,1,0,0
4270000,0.5578300339,0.2000000000,0.0000000000,0.0000000000,1,0,0,0,0,0.0000000000,0,1,1,0,0,1,0,1,0,1,0,1,0,1,1,0,0
3010000,-0.6459616868,0.4000000000,0.0000000000,0.3333333333,1,0,0,0,0,0.0000000000,0,-1,1,0,0,1,0,1,0,1,0,1,0,1,0,0,1
2450000,-0.8811853564,0.2000000000,0.0000000000,0.0000000000,0,1,0,0,0,0.3333333333,0,-1,0,1,1,0,0,1,0,1,0,1,0,1,0,0,1
4620000,0.2441984744,0.4000000000,0.0000000000,0.3333333333,1,1,0,0,1,0.3333333333,0,0,1,0,1,0,0,1,0,1,1,0,0,1,0,1,0
4900000,-0.4868397927,0.4000000000,0.0000000000,0.3333333333,0,1,1,0,1,0.0000000000,0,0,0,1,1,0,1,0,0,1,1,0,0,1,0,1,0
3605000,-0.5306559665,0.2000000000,0.0000000000,0.0000000000,1,0,0,0,0,0.0000000000,1,0,1,0,0,1,0,1,0,1,0,1,1,0,0,1,0
3255000,-0.3000445257,0.2000000000,0.0000000000,0.0000000000,0,0,0,0,0,0.0000000000,0,0,0,1,0,1,0,1,0,1,0,1,0,1,0,1,0
3150000,-0.7843285513,0.4000000000,0.0000000000,0.3333333333,1,0,1,0,0,0.0000000000,0,0,1,0,0,1,1,0,0,1,0,1,0,1,0,1,0
3150000,-0.7843285513,0.0000000000,0.0000000000,0.0000000000,1,0,0,0,0,0.0000000000,0,1,1,0,0,1,0,1,0,1,0,1,0,1,1,0,0
3920000,-0.8581242123,0.2000000000,0.0000000000,0.0000000000,1,0,0,1,0,0.3333333333,0,1,1,0,0,1,0,1,1,0,0,1,0,1,1,0,0
8400000,0.1611783558,0.6000000000,0.3333333333,0.3333333333,1,0,1,0,1,0.3333333333,1,0,1,0,0,1,1,0,0,1,1,0,1,0,0,1,0
3430000,-0.5306559665,0.2000000000,0.0000000000,0.0000000000,1,0,0,0,0,0.0000000000,0,-1,1,0,0,1,0,1,0,1,0,1,0,1,0,0,1
5810000,0.3124594609,0.6000000000,0.0000000000,1.0000000000,1,1,0,0,0,0.0000000000,0,0,1,0,1,0,0,1,0,1,0,1,0,1,0,1,0
8080940,0.8530126780,0.4000000000,0.3333333333,1.0000000000,1,0,0,0,1,0.6666666667,0,1,1,0,0,1,0,1,0,1,1,0,0,1,1,0,0
9100000,0.6685235254,0.6000000000,0.3333333333,0.3333333333,1,1,1,0,1,0.3333333333,1,-1,1,0,1,0,1,0,0,1,1,0,1,0,0,0,1
2940000,-0.6874717462,0.6000000000,0.0000000000,0.3333333333,0,0,0,0,0,0.0000000000,0,-1,0,1,0,1,0,1,0,1,0,1,0,1,0,0,1
8400000,1.7178055808,0.4000000000,0.0000000000,0.0000000000,1,0,0,0,0,0.3333333333,0,0,1,0,0,1,0,1,0,1,0,1,0,1,0,1,0
2961000,-0.9918788480,0.2000000000,0.0000000000,0.3333333333,1,0,0,0,0,0.0000000000,0,0,1,0,0,1,0,1,0,1,0,1,0,1,0,1,0
7962500,0.3917897965,0.4000000000,0.0000000000,1.0000000000,1,1,0,0,1,0.6666666667,0,-1,1,0,1,0,0,1,0,1,1,0,0,1,0,0,1
5320000,1.2219909832,0.4000000000,0.0000000000,0.0000000000,1,0,1,0,1,0.6666666667,1,-1,1,0,0,1,1,0,0,1,1,0,1,0,0,0,1
3118850,-1.2695350226,0.4000000000,0.0000000000,0.0000000000,1,0,0,0,0,0.0000000000,1,0,1,0,0,1,0,1,0,1,0,1,1,0,0,1,0
5600000,-0.1616776613,0.8000000000,0.3333333333,0.6666666667,0,0,1,1,0,0.0000000000,0,-1,0,1,0,1,1,0,1,0,0,1,0,1,0,0,1
3010000,-1.0679806234,0.2000000000,0.0000000000,0.0000000000,1,0,0,0,0,0.0000000000,0,0,1,0,0,1,0,1,0,1,0,1,0,1,0,1,0
7525000,0.3917897965,0.4000000000,0.3333333333,1.0000000000,1,0,0,0,1,0.3333333333,0,1,1,0,0,1,0,1,0,1,1,0,0,1,1,0,0
3360000,-0.0878820002,0.6000000000,0.0000000000,0.6666666667,0,0,0,0,0,0.0000000000,0,0,0,1,0,1,0,1,0,1,0,1,0,1,0,1,0
2100000,-1.2686125769,0.4000000000,0.0000000000,0.3333333333,1,0,0,0,0,0.0000000000,0,-1,1,0,0,1,0,1,0,1,0,1,0,1,0,0,1
4690000,2.0830941029,0.6000000000,0.3333333333,0.3333333333,1,1,1,0,0,0.3333333333,0,0,1,0,1,0,1,0,0,1,0,1,0,1,0,1,0
2604000,-1.0333889073,0.2000000000,0.0000000000,0.0000000000,0,0,0,0,0,0.0000000000,0,-1,0,1,0,1,0,1,0,1,0,1,0,1,0,0,1
2835000,-0.8535119835,0.4000000000,0.0000000000,0.3333333333,0,0,0,0,0,0.3333333333,0,0,0,1,0,1,0,1,0,1,0,1,0,1,0,1,0
12250000,2.2182324072,0.4000000000,0.3333333333,0.3333333333,1,0,1,0,0,0.6666666667,1,0,1,0,0,1,1,0,0,1,0,1,1,0,0,1,0
3780000,-0.1524532036,0.4000000000,0.0000000000,0.3333333333,1,0,0,0,0,0.0000000000,0,0,1,0,0,1,0,1,0,1,0,1,0,1,0,1,0
4760000,2.3473748140,0.2000000000,0.0000000000,0.0000000000,1,0,0,0,1,0.6666666667,1,-1,1,0,0,1,0,1,0,1,1,0,1,0,0,0,1
5460000,0.6685235254,0.6000000000,0.3333333333,0.3333333333,1,1,1,0,0,0.0000000000,1,0,1,0,1,0,1,0,0,1,0,1,1,0,0,1,0
4200000,0.2995452202,0.4000000000,0.0000000000,0.0000000000,1,0,0,1,0,0.6666666667,0,0,1,0,0,1,0,1,1,0,0,1,0,1,0,1,0
2835000,-0.3692279579,0.4000000000,0.0000000000,0.3333333333,0,0,0,1,0,0.3333333333,0,-1,0,1,0,1,0,1,1,0,0,1,0,1,0,0,1
2345000,-0.6966962038,0.2000000000,0.0000000000,0.0000000000,1,0,0,0,0,0.0000000000,0,-1,1,0,0,1,0,1,0,1,0,1,0,1,0,0,1
3850000,-0.4937581359,0.2000000000,0.0000000000,0.0000000000,1,0,0,0,0,0.0000000000,0,0,1,0,0,1,0,1,0,1,0,1,0,1,0,1,0
3920000,1.3511333900,0.4000000000,0.0000000000,0.0000000000,1,0,0,0,1,0.6666666667,0,0,1,0,0,1,0,1,0,1,1,0,0,1,0,1,0
3493000,-0.1155553731,0.4000000000,0.0000000000,0.3333333333,0,0,0,0,0,0.0000000000,0,-1,0,1,0,1,0,1,0,1,0,1,0,1,0,0,1
4480000,-0.5122070512,0.4000000000,0.0000000000,0.3333333333,1,0,0,0,0,0.3333333333,0,0,1,0,0,1,0,1,0,1,0,1,0,1,0,1,0
7840000,0.5578300339,0.4000000000,0.3333333333,1.0000000000,1,0,0,0,1,0.0000000000,1,1,1,0,0,1,0,1,0,1,1,0,1,0,1,0,0
4165000,-0.5094397139,0.4000000000,0.0000000000,0.3333333333,1,0,1,0,0,0.3333333333,0,0,1,0,0,1,1,0,0,1,0,1,0,1,0,1,0
2450000,-0.1432287460,0.2000000000,0.0000000000,0.3333333333,1,0,0,0,0,0.0000000000,0,-1,1,0,0,1,0,1,0,1,0,1,0,1,0,0,1
4095000,-0.5122070512,0.2000000000,0.0000000000,0.3333333333,1,0,0,0,0,0.3333333333,0,0,1,0,0,1,0,1,0,1,0,1,0,1,0,1,0
5866000,-0.1616776613,0.4000000000,0.0000000000,0.0000000000,1,1,1,0,0,0.0000000000,0,-1,1,0,1,0,1,0,0,1,0,1,0,1,0,0,1
4900000,-0.2327059850,0.4000000000,0.0000000000,0.3333333333,1,1,1,0,0,0.6666666667,0,0,1,0,1,0,1,0,0,1,0,1,0,1,0,1,0
3430000,-0.9065526149,0.2000000000,0.0000000000,0.0000000000,1,0,0,0,0,0.6666666667,0,-1,1,0,0,1,0,1,0,1,0,1,0,1,0,0,1
4445000,-0.6459616868,0.2000000000,0.0000000000,0.0000000000,1,1,1,0,0,0.0000000000,0,0,1,0,1,0,1,0,0,1,0,1,0,1,0,1,0
5950000,0.6408501525,0.4000000000,0.0000000000,0.0000000000,1,1,1,0,0,0.6666666667,1,1,1,0,1,0,1,0,0,1,0,1,1,0,1,0,0
3500000,-0.4199624749,0.4000000000,0.0000000000,0.3333333333,1,0,0,0,1,0.0000000000,0,0,1,0,0,1,0,1,0,1,1,0,0,1,0,1,0
3675000,-0.7013084326,0.2000000000,0.0000000000,0.0000000000,1,0,0,0,1,0.0000000000,0,-1,1,0,0,1,0,1,0,1,1,0,0,1,0,0,1
5145000,1.3050111019,0.4000000000,0.0000000000,0.0000000000,1,0,0,0,0,0.3333333333,1,0,1,0,0,1,0,1,0,1,0,1,1,0,0,1,0
