price,area,bedrooms,bathrooms,stories,mainroad,guestroom,basement,hotwaterheating,airconditioning,parking,prefarea,furnishingstatus
13300000,0.3965635739,0.6000000000,0.3333333333,0.6666666667,1,0,0,0,1,0.6666666667,1,1
12250000,0.5711340206,0.4000000000,0.3333333333,0.3333333333,1,0,1,0,0,0.6666666667,1,0
12250000,0.5024054983,0.6000000000,1.0000000000,1.0000000000,1,0,0,0,1,1.0000000000,0,1
12215000,0.4020618557,0.6000000000,0.3333333333,0.3333333333,1,0,1,0,1,1.0000000000,1,1
11410000,0.3965635739,0.6000000000,0.0000000000,0.3333333333,1,1,1,0,1,0.6666666667,0,1
10850000,0.4020618557,0.4000000000,0.6666666667,0.0000000000,1,0,1,0,1,0.6666666667,1,0
10150000,0.4762886598,0.6000000000,0.6666666667,1.0000000000,1,0,0,0,1,0.6666666667,1,0
10150000,1.0000000000,0.8000000000,0.6666666667,0.3333333333,1,0,0,0,0,0.0000000000,0,-1
9870000,0.4432989691,0.6000000000,0.0000000000,0.3333333333,1,1,1,0,1,0.6666666667,1,1
9800000,0.2817869416,0.4000000000,0.3333333333,1.0000000000,1,1,0,0,1,0.3333333333,1,-1
9800000,0.7938144330,0.4000000000,0.0000000000,0.3333333333,1,0,1,0,1,0.6666666667,1,1
9681000,0.2989690722,0.6000000000,0.6666666667,0.3333333333,1,1,1,1,0,0.6666666667,0,0
9310000,0.3367697595,0.6000000000,0.3333333333,0.3333333333,1,0,0,0,1,0.3333333333,1,0
9240000,0.1271477663,0.6000000000,0.3333333333,0.3333333333,1,0,0,1,0,0.6666666667,0,1
9240000,0.4226804124,0.4000000000,0.3333333333,0.3333333333,1,0,0,0,0,0.0000000000,1,0
9100000,0.3402061856,0.6000000000,0.3333333333,0.3333333333,1,1,1,0,1,0.3333333333,1,-1
9100000,0.2989690722,0.6000000000,0.0000000000,0.3333333333,1,0,1,0,0,0.6666666667,0,0
8960000,0.4707903780,0.4000000000,0.3333333333,1.0000000000,1,0,0,0,1,0.6666666667,0,1
8890000,0.2027491409,0.4000000000,0.3333333333,0.3333333333,1,1,0,0,1,0.6666666667,0,1
8855000,0.3278350515,0.4000000000,0.3333333333,0.3333333333,1,0,0,0,1,0.3333333333,1,0
8750000,0.1835051546,0.4000000000,0.0000000000,0.3333333333,1,0,1,1,0,0.6666666667,0,0
8680000,0.3783505155,0.4000000000,0.3333333333,0.0000000000,1,1,1,0,1,0.6666666667,0,-1
8645000,0.4398625430,0.4000000000,0.0000000000,0.0000000000,1,1,1,0,1,0.3333333333,0,1
8645000,0.2000000000,0.4000000000,0.3333333333,0.3333333333,1,1,1,0,1,0.3333333333,0,1
8575000,0.4914089347,0.4000000000,0.3333333333,0.3333333333,1,0,0,0,1,0.6666666667,0,1
8540000,0.3360824742,0.6000000000,0.3333333333,0.3333333333,1,1,1,0,1,0.6666666667,1,1
8463000,0.2989690722,0.4000000000,0.3333333333,1.0000000000,1,1,1,0,1,0.0000000000,1,0
8400000,0.4965635739,0.4000000000,0.0000000000,0.0000000000,1,0,0,0,0,0.3333333333,0,0
8400000,0.2646048110,0.6000000000,0.3333333333,0.3333333333,1,0,1,0,1,0.3333333333,1,0
8400000,0.4329896907,0.8000000000,0.3333333333,0.3333333333,1,0,1,1,0,0.6666666667,0,-1
8400000,0.4003436426,0.4000000000,0.3333333333,1.0000000000,1,0,0,0,1,0.6666666667,0,-1
8400000,0.3676975945,0.4000000000,0.0000000000,1.0000000000,1,0,0,0,1,0.6666666667,0,0
8295000,0.2219931271,0.6000000000,0.3333333333,0.3333333333,1,0,0,0,1,0.3333333333,1,1
8190000,0.2962199313,0.4000000000,0.6666666667,0.3333333333,1,1,1,0,0,0.3333333333,0,-1
8120000,0.3567010309,0.8000000000,0.0000000000,0.3333333333,1,1,1,0,1,0.3333333333,0,1
8080940,0.3676975945,0.4000000000,0.3333333333,1.0000000000,1,0,0,0,1,0.6666666667,0,1
8043000,0.4008247423,0.4000000000,0.3333333333,0.6666666667,1,0,0,1,0,0.3333333333,1,1
7980000,0.5051546392,0.6000000000,0.3333333333,1.0000000000,1,0,0,0,1,0.6666666667,0,1
7962500,0.2989690722,0.4000000000,0.0000000000,1.0000000000,1,1,0,0,1,0.6666666667,0,-1
7910000,0.2989690722,0.6000000000,0.3333333333,1.0000000000,1,0,0,0,1,0.3333333333,0,0
7875000,0.3367697595,0.4000000000,0.0000000000,0.3333333333,1,0,1,0,1,0.0000000000,1,1
7840000,0.3237113402,0.4000000000,0.3333333333,1.0000000000,1,0,0,0,1,0.0000000000,1,1
7700000,0.3319587629,0.4000000000,0.3333333333,1.0000000000,1,0,0,0,1,0.6666666667,0,-1
7700000,0.2989690722,0.6000000000,0.3333333333,1.0000000000,1,0,0,0,0,0.6666666667,0,0
7560000,0.2989690722,0.6000000000,0.3333333333,1.0000000000,1,0,0,0,1,0.3333333333,0,1
7560000,0.2989690722,0.4000000000,0.3333333333,0.6666666667,1,0,0,0,1,0.0000000000,0,0
7525000,0.2989690722,0.4000000000,0.3333333333,1.0000000000,1,0,0,0,1,0.3333333333,0,1
7490000,0.3402061856,0.4000000000,0.0000000000,1.0000000000,1,0,0,0,1,1.0000000000,1,1
7455000,0.1821305842,0.4000000000,0.3333333333,0.3333333333,1,0,1,0,0,0.3333333333,0,-1
7420000,0.3979381443,0.4000000000,0.3333333333,1.0000000000,1,0,0,0,0,0.3333333333,1,-1
7420000,0.3213058419,0.4000000000,0.0000000000,1.0000000000,1,0,0,0,1,0.3333333333,0,-1
7420000,0.3979381443,0.4000000000,0.3333333333,0.0000000000,1,1,1,0,1,0.0000000000,1,0
7350000,0.2989690722,0.6000000000,0.3333333333,1.0000000000,1,1,0,0,1,0.3333333333,0,1
7350000,0.2989690722,0.4000000000,0.3333333333,0.3333333333,1,1,0,0,1,0.3333333333,0,0
7350000,0.2989690722,0.4000000000,0.0000000000,0.3333333333,1,0,0,0,1,0.3333333333,0,-1
7350000,0.2405498282,0.4000000000,0.3333333333,1.0000000000,1,0,0,0,1,0.6666666667,0,0
7343000,0.6728522337,0.6000000000,0.0000000000,0.3333333333,1,0,1,0,0,0.3333333333,1,0
7245000,0.5051546392,0.6000000000,0.3333333333,1.0000000000,1,1,0,0,1,0.3333333333,1,1
7210000,0.4144329897,0.6000000000,0.3333333333,1.0000000000,1,1,0,0,1,0.3333333333,0,0
7210000,0.2989690722,0.4000000000,0.3333333333,1.0000000000,1,1,0,0,1,0.3333333333,0,1
7140000,0.2989690722,0.4000000000,0.3333333333,0.3333333333,1,1,0,0,0,0.3333333333,0,0
7070000,0.4969072165,0.2000000000,0.0000000000,0.0000000000,1,0,0,0,1,0.3333333333,0,0
7070000,0.3154639175,0.6000000000,0.3333333333,0.3333333333,1,0,0,0,1,0.3333333333,0,1
7035000,0.3237113402,0.6000000000,0.3333333333,0.6666666667,1,0,0,0,1,0.6666666667,1,1
7000000,0.6546391753,0.4000000000,0.0000000000,0.0000000000,1,0,1,0,1,0.3333333333,1,1
6930000,0.4969072165,0.4000000000,0.3333333333,0.3333333333,1,0,1,0,1,0.3333333333,0,1
6930000,0.7938144330,0.2000000000,0.0000000000,0.0000000000,1,0,1,1,0,0.3333333333,0,1
6895000,0.4158075601,0.4000000000,0.3333333333,0.0000000000,1,0,0,0,0,0.6666666667,0,-1
6860000,0.2989690722,0.4000000000,0.0000000000,0.0000000000,1,0,0,0,1,0.3333333333,0,1
6790000,0.7175257732,0.6000000000,0.3333333333,0.3333333333,1,0,0,0,0,0.6666666667,1,1
6790000,0.1615120275,0.4000000000,0.3333333333,0.3333333333,1,0,1,0,1,0.0000000000,1,0
6755000,0.2989690722,0.6000000000,0.3333333333,1.0000000000,1,0,0,0,1,0.0000000000,0,-1
6720000,0.2316151203,0.4000000000,0.0000000000,1.0000000000,1,0,0,0,1,0.0000000000,1,-1
6685000,0.3402061856,0.2000000000,0.3333333333,1.0000000000,1,0,1,0,0,0.0000000000,1,1
6650000,0.1642611684,0.4000000000,0.0000000000,0.3333333333,1,0,1,1,0,0.3333333333,0,1
6650000,0.2783505155,0.4000000000,0.0000000000,0.0000000000,1,1,1,0,1,0.6666666667,1,1
6650000,0.1793814433,0.6000000000,0.3333333333,0.3333333333,1,0,0,1,0,0.0000000000,0,0
6650000,0.3278350515,0.4000000000,0.3333333333,0.6666666667,1,0,0,0,1,0.0000000000,1,1
6650000,0.3333333333,0.4000000000,0.3333333333,0.6666666667,1,0,0,0,1,0.0000000000,1,1
6650000,0.2989690722,0.4000000000,0.3333333333,0.6666666667,1,1,0,0,1,0.0000000000,0,1
6629000,0.2989690722,0.4000000000,0.0000000000,0.3333333333,1,0,0,1,0,0.3333333333,1,0
6615000,0.1615120275,0.4000000000,0.3333333333,0.3333333333,1,0,1,0,1,0.3333333333,0,0
6615000,0.6082474227,0.4000000000,0.3333333333,0.0000000000,1,0,1,0,1,0.3333333333,1,1
6580000,0.2989690722,0.4000000000,0.3333333333,1.0000000000,1,0,0,0,1,0.0000000000,0,0
6510000,0.1450171821,0.4000000000,0.0000000000,0.3333333333,1,0,0,1,0,0.6666666667,0,0
6510000,0.4536082474,0.4000000000,0.3333333333,0.6666666667,1,0,0,0,1,0.0000000000,0,1
6510000,0.3450171821,0.4000000000,0.0000000000,0.6666666667,1,0,1,0,0,0.0000000000,1,-1
6475000,0.1587628866,0.4000000000,0.0000000000,0.0000000000,1,0,1,0,0,0.6666666667,0,0
6475000,0.3958762887,0.4000000000,0.0000000000,0.0000000000,1,1,1,0,1,0.6666666667,1,-1
6440000,0.4762886598,0.8000000000,0.6666666667,0.3333333333,1,0,0,0,0,0.6666666667,0,1
6440000,0.2302405498,0.4000000000,0.0000000000,0.3333333333,1,0,0,0,1,0.0000000000,0,0
6419000,0.3505154639,0.2000000000,0.0000000000,0.0000000000,1,1,1,0,0,0.6666666667,1,1
6405000,0.2164948454,0.4000000000,0.3333333333,1.0000000000,1,1,0,0,1,0.0000000000,0,1
6300000,0.2989690722,0.6000000000,0.3333333333,1.0000000000,1,0,0,0,0,0.3333333333,0,0
6300000,0.5051546392,0.4000000000,0.0000000000,0.0000000000,1,0,1,0,0,0.3333333333,1,1
6300000,0.3264604811,0.4000000000,0.0000000000,0.0000000000,1,1,1,0,1,0.3333333333,1,0
6300000,0.1683848797,0.4000000000,0.3333333333,0.6666666667,1,0,0,0,1,0.6666666667,0,0
6300000,0.3814432990,0.4000000000,0.3333333333,0.0000000000,1,0,1,0,1,1.0000000000,0,0
6293000,0.3402061856,0.4000000000,0.3333333333,0.6666666667,1,0,0,0,1,0.0000000000,1,-1
6265000,0.2989690722,0.6000000000,0.0000000000,0.6666666667,1,1,1,0,0,0.0000000000,1,-1
6230000,0.2646048110,0.4000000000,0.0000000000,0.6666666667,1,0,0,0,0,0.3333333333,1,-1
6230000,0.3402061856,0.4000000000,0.3333333333,0.0000000000,1,0,1,0,1,0.0000000000,1,-1
6195000,0.2646048110,0.4000000000,0.3333333333,1.0000000000,1,1,0,0,1,0.3333333333,0,0
6195000,0.2646048110,0.4000000000,0.3333333333,0.0000000000,1,1,1,0,0,0.6666666667,1,1
6195000,0.3230240550,0.4000000000,0.3333333333,0.6666666667,1,1,0,0,1,0.0000000000,0,1
6160000,0.1958762887,0.4000000000,0.0000000000,1.0000000000,1,0,0,0,1,0.0000000000,0,-1
6160000,0.2611683849,0.6000000000,0.3333333333,0.0000000000,1,0,1,0,1,0.0000000000,1,0
6125000,0.3278350515,0.4000000000,0.0000000000,0.6666666667,1,0,1,0,0,0.0000000000,1,-1
6107500,0.1092783505,0.6000000000,0.0000000000,0.6666666667,1,0,0,0,0,0.3333333333,0,0
6090000,0.3412371134,0.6000000000,0.3333333333,0.3333333333,1,1,0,1,0,0.3333333333,0,0
6090000,0.3402061856,0.4000000000,0.0000000000,0.0000000000,1,1,1,0,0,0.6666666667,1,0
6090000,0.4619931271,0.4000000000,0.0000000000,0.6666666667,1,0,0,0,1,0.6666666667,0,-1
6083000,0.5477663230,0.4000000000,0.0000000000,0.0000000000,1,0,1,0,0,0.6666666667,1,1
6083000,0.1821305842,1.0000000000,0.3333333333,0.3333333333,1,0,0,0,0,0.0000000000,0,1
6020000,0.3539518900,0.2000000000,0.0000000000,0.0000000000,1,1,1,0,0,0.6666666667,0,1
6020000,0.4364261168,0.4000000000,0.0000000000,0.0000000000,1,1,1,0,1,0.6666666667,1,0
6020000,0.3608247423,0.4000000000,0.3333333333,0.0000000000,1,1,1,0,0,0.0000000000,1,-1
5950000,0.3164261168,0.6000000000,0.3333333333,0.0000000000,1,0,1,0,0,0.3333333333,1,0
5950000,0.3350515464,0.4000000000,0.3333333333,1.0000000000,1,0,0,0,0,0.3333333333,0,1
5950000,0.3690721649,0.4000000000,0.0000000000,0.0000000000,1,0,1,0,1,0.6666666667,1,0
5950000,0.3360824742,0.4000000000,0.0000000000,0.0000000000,1,1,1,0,0,0.6666666667,1,1
5950000,0.1408934708,0.6000000000,0.0000000000,0.3333333333,1,1,0,0,1,0.0000000000,0,1
5950000,0.3278350515,0.4000000000,0.0000000000,0.0000000000,1,0,1,0,1,0.0000000000,1,1
5950000,0.3835738832,0.4000000000,0.0000000000,0.3333333333,1,1,1,0,1,0.0000000000,1,0
5950000,0.3896907216,0.6000000000,0.3333333333,0.3333333333,1,0,0,0,0,0.0000000000,0,1
5943000,0.9587628866,0.4000000000,0.0000000000,0.0000000000,1,0,0,0,1,0.6666666667,0,0
5880000,0.3786941581,0.4000000000,0.0000000000,0.0000000000,1,0,1,0,0,0.6666666667,1,-1
5880000,0.3333333333,0.4000000000,0.3333333333,0.6666666667,1,0,0,0,1,0.0000000000,0,-1
5873000,0.2646048110,0.4000000000,0.0000000000,0.6666666667,1,1,0,0,1,0.3333333333,0,1
5873000,0.6742268041,0.4000000000,0.0000000000,0.6666666667,1,0,0,0,0,0.6666666667,1,0
5866000,0.2164948454,0.4000000000,0.0000000000,0.0000000000,1,1,1,0,0,0.0000000000,0,-1
5810000,0.2871477663,0.6000000000,0.0000000000,1.0000000000,1,1,0,0,0,0.0000000000,0,0
5810000,0.2439862543,0.4000000000,0.0000000000,0.6666666667,1,0,0,0,1,0.0000000000,0,0
5810000,0.2164948454,0.4000000000,0.0000000000,0.6666666667,1,0,0,0,1,0.0000000000,0,-1
5803000,0.3676975945,0.4000000000,0.0000000000,0.0000000000,1,0,1,0,0,0.6666666667,1,0
5775000,0.2989690722,0.4000000000,0.3333333333,1.0000000000,1,0,0,0,1,0.0000000000,0,-1
5740000,0.2054982818,0.6000000000,0.0000000000,0.3333333333,1,0,0,0,0,0.3333333333,0,0
5740000,0.2577319588,0.6000000000,0.3333333333,0.3333333333,1,0,0,0,1,0.6666666667,0,-1
5740000,0.3237113402,0.4000000000,0.0000000000,0.0000000000,1,1,1,0,1,0.6666666667,1,1
5740000,0.2302405498,0.4000000000,0.0000000000,0.6666666667,1,0,0,0,1,0.0000000000,0,0
5740000,0.2852233677,0.4000000000,0.3333333333,1.0000000000,1,0,0,0,1,0.0000000000,0,-1
5652500,0.3443298969,0.6000000000,0.3333333333,0.3333333333,1,1,1,0,0,0.3333333333,1,0
5600000,0.2164948454,0.8000000000,0.3333333333,0.6666666667,0,0,1,1,0,0.0000000000,0,-1
5600000,0.2302405498,0.4000000000,0.0000000000,1.0000000000,1,0,0,0,0,0.0000000000,0,1
5600000,0.3237113402,0.4000000000,0.0000000000,0.6666666667,1,0,0,0,0,0.0000000000,1,0
5600000,0.3402061856,0.6000000000,0.3333333333,0.0000000000,1,0,1,0,0,0.0000000000,1,0
5600000,0.2395876289,0.4000000000,0.0000000000,0.3333333333,1,1,1,0,1,0.0000000000,1,-1
5600000,0.6082474227,0.6000000000,0.3333333333,0.3333333333,1,0,0,0,0,0.3333333333,0,0
5600000,0.2096219931,0.6000000000,0.0000000000,0.3333333333,1,1,1,0,1,0.3333333333,0,1
5600000,0.6082474227,0.2000000000,0.0000000000,0.0000000000,1,0,0,0,0,0.3333333333,0,0
5600000,0.2646048110,0.4000000000,0.3333333333,0.3333333333,1,0,0,0,0,0.3333333333,0,0
5565000,0.2577319588,0.8000000000,0.0000000000,0.3333333333,1,1,1,0,1,0.0000000000,1,1
5565000,0.1890034364,0.6000000000,0.0000000000,0.3333333333,1,0,0,0,1,0.6666666667,1,0
5530000,0.1134020619,0.4000000000,0.6666666667,0.3333333333,1,0,1,0,0,0.0000000000,0,0
5530000,0.1374570447,0.4000000000,0.3333333333,0.3333333333,1,0,0,0,0,0.6666666667,0,0
5530000,0.3058419244,0.4000000000,0.3333333333,0.0000000000,1,0,1,0,0,0.6666666667,1,1
5523000,0.3608247423,0.4000000000,0.0000000000,0.0000000000,1,1,1,0,0,0.0000000000,1,0
5495000,0.0802061856,0.6000000000,0.3333333333,0.3333333333,0,1,1,0,0,0.3333333333,0,1
5495000,0.4350515464,0.4000000000,0.0000000000,0.0000000000,1,0,0,0,0,0.6666666667,0,0
5460000,0.1030927835,0.4000000000,0.3333333333,0.0000000000,1,1,1,0,1,0.0000000000,0,1
5460000,0.3134020619,0.6000000000,0.0000000000,1.0000000000,1,1,0,0,1,0.0000000000,0,1
5460000,0.3058419244,0.4000000000,0.0000000000,0.6666666667,1,1,0,0,1,0.0000000000,1,0
5460000,0.3402061856,0.6000000000,0.3333333333,0.3333333333,1,1,1,0,0,0.0000000000,1,0
5425000,0.3556701031,0.4000000000,0.0000000000,0.0000000000,1,1,1,0,1,0.0000000000,1,0
5390000,0.3477663230,0.4000000000,0.3333333333,0.3333333333,1,1,1,0,0,0.3333333333,1,1
5383000,0.3298969072,0.4000000000,0.3333333333,0.0000000000,1,1,1,1,0,0.0000000000,0,-1
5320000,0.4226804124,0.4000000000,0.0000000000,0.0000000000,1,0,1,0,1,0.6666666667,1,-1
5285000,0.2027491409,0.2000000000,0.3333333333,0.0000000000,1,0,0,0,1,0.6666666667,0,0
5250000,0.1793814433,0.6000000000,0.0000000000,0.3333333333,1,0,1,0,1,0.0000000000,0,1
5250000,0.3360824742,0.6000000000,0.3333333333,0.3333333333,0,0,0,0,1,0.0000000000,0,0
5250000,0.2646048110,0.4000000000,0.3333333333,0.0000000000,1,0,1,0,0,0.0000000000,0,0
5250000,0.2508591065,0.6000000000,0.3333333333,0.0000000000,1,0,0,0,1,0.0000000000,1,-1
5250000,0.5923711340,0.4000000000,0.0000000000,0.0000000000,1,0,0,0,0,0.3333333333,1,0
5250000,0.1477663230,0.4000000000,0.0000000000,0.3333333333,1,1,1,0,0,0.3333333333,1,-1
5250000,0.4639175258,0.4000000000,0.0000000000,0.3333333333,1,1,1,0,1,0.6666666667,1,-1
5250000,0.5601374570,0.6000000000,0.3333333333,0.3333333333,1,1,0,0,0,0.6666666667,0,0
5250000,0.4721649485,0.4000000000,0.0000000000,0.0000000000,1,0,0,0,1,0.6666666667,0,1
5243000,0.3024054983,0.4000000000,0.0000000000,0.0000000000,1,0,1,0,0,0.0000000000,1,0
5229000,0.3735395189,0.4000000000,0.0000000000,0.0000000000,1,1,1,0,0,0.6666666667,1,0
5215000,0.3814432990,0.4000000000,0.0000000000,0.3333333333,1,1,1,0,0,0.3333333333,1,1
5215000,0.1051546392,0.4000000000,0.3333333333,0.3333333333,1,0,0,0,0,0.6666666667,0,0
5215000,0.1958762887,0.6000000000,0.3333333333,0.0000000000,0,0,1,0,1,0.6666666667,0,0
5145000,0.1209621993,0.4000000000,0.0000000000,0.3333333333,0,0,0,0,1,0.0000000000,0,0
5145000,0.4350515464,0.4000000000,0.0000000000,0.0000000000,1,0,0,0,0,0.3333333333,1,0
5110000,0.0927835052,0.4000000000,0.3333333333,0.3333333333,1,1,1,0,0,0.0000000000,0,1
5110000,0.0927835052,0.4000000000,0.0000000000,0.3333333333,1,0,1,0,0,0.0000000000,0,-1
5110000,0.6707903780,0.2000000000,0.0000000000,0.3333333333,1,0,0,0,0,0.0000000000,1,1
5110000,0.3058419244,0.4000000000,0.0000000000,0.0000000000,1,0,1,0,1,0.0000000000,1,0
5075000,0.2797250859,0.2000000000,0.0000000000,0.3333333333,1,0,0,0,1,0.0000000000,1,-1
5040000,0.1298969072,0.2000000000,0.0000000000,0.0000000000,0,1,1,0,0,0.0000000000,0,0
5040000,0.6219931271,0.4000000000,0.0000000000,0.3333333333,1,1,1,0,0,0.0000000000,0,0
5040000,0.3402061856,0.4000000000,0.0000000000,0.0000000000,1,1,1,0,0,0.0000000000,1,1
5040000,0.4089347079,0.6000000000,0.0000000000,0.3333333333,1,0,0,0,1,0.6666666667,0,1
5033000,0.2164948454,0.2000000000,0.0000000000,0.0000000000,1,1,1,0,0,0.0000000000,0,0
5005000,0.4467353952,0.4000000000,0.3333333333,0.0000000000,1,1,1,0,0,0.0000000000,0,0
4970000,0.4148453608,0.4000000000,0.0000000000,0.0000000000,1,1,1,1,0,0.0000000000,0,0
4970000,0.1896907216,0.6000000000,0.6666666667,0.3333333333,1,0,1,0,0,0.6666666667,0,0
4956000,0.0790378007,0.4000000000,0.3333333333,0.3333333333,0,0,1,0,1,0.3333333333,0,0
4935000,0.2953951890,0.4000000000,0.0000000000,0.3333333333,1,0,0,0,1,0.0000000000,0,0
4907000,0.1752577320,0.4000000000,0.0000000000,0.3333333333,1,0,0,0,0,0.3333333333,0,1
4900000,0.1972508591,0.4000000000,0.0000000000,0.3333333333,1,0,1,0,1,0.0000000000,0,0
4900000,0.1680412371,0.4000000000,0.0000000000,0.3333333333,0,1,1,0,1,0.0000000000,0,0
4900000,0.2577319588,0.6000000000,0.0000000000,0.3333333333,1,0,0,0,0,0.0000000000,0,0
4900000,0.2144329897,0.4000000000,0.0000000000,0.0000000000,1,1,1,0,0,0.0000000000,0,0
4900000,0.2852233677,0.2000000000,0.0000000000,0.0000000000,1,1,1,0,1,0.0000000000,0,0
4900000,0.0927835052,0.4000000000,0.0000000000,0.3333333333,1,0,1,0,1,0.0000000000,0,0
4900000,0.0907216495,0.4000000000,0.0000000000,0.6666666667,1,0,0,0,0,0.0000000000,0,0
4900000,0.3484536082,0.4000000000,0.0000000000,0.0000000000,1,0,0,0,0,0.0000000000,0,-1
4900000,0.1697594502,0.2000000000,0.0000000000,0.0000000000,1,0,1,0,0,0.3333333333,0,0
4900000,0.3195876289,0.4000000000,0.0000000000,0.0000000000,1,0,0,0,1,0.6666666667,0,0
4900000,0.2059106529,0.4000000000,0.0000000000,0.3333333333,1,1,1,0,0,0.6666666667,0,0
4900000,0.7731958763,0.4000000000,0.0000000000,0.0000000000,1,0,0,0,0,0.6666666667,0,1
4893000,0.2298969072,0.6000000000,0.3333333333,0.0000000000,1,0,1,0,0,0.0000000000,0,0
4893000,0.1216494845,0.6000000000,0.3333333333,0.3333333333,1,0,1,0,1,0.6666666667,0,0
4865000,0.1855670103,0.2000000000,0.0000000000,0.0000000000,1,0,1,0,0,0.0000000000,0,-1
4830000,0.1725085911,0.4000000000,0.0000000000,0.6666666667,1,0,0,0,0,0.0000000000,0,-1
4830000,0.2175257732,0.2000000000,0.0000000000,0.0000000000,1,0,0,0,1,0.0000000000,1,0
4830000,0.3017182131,0.4000000000,0.0000000000,0.0000000000,1,0,0,0,0,0.6666666667,1,0
4830000,0.3582130584,0.4000000000,0.0000000000,0.3333333333,1,0,0,0,1,0.6666666667,1,1
4795000,0.3676975945,0.4000000000,0.0000000000,0.3333333333,1,0,1,0,0,0.0000000000,0,-1
4795000,0.4432989691,0.6000000000,0.0000000000,1.0000000000,1,0,1,0,1,0.6666666667,0,0
4767000,0.1216494845,0.6000000000,0.3333333333,0.3333333333,1,0,0,0,0,0.0000000000,0,0
4760000,0.3210309278,0.4000000000,0.0000000000,0.3333333333,1,0,1,0,1,0.3333333333,0,1
4760000,0.5165635739,0.2000000000,0.0000000000,0.0000000000,1,0,1,0,1,0.6666666667,0,0
4760000,0.5903780069,0.2000000000,0.0000000000,0.0000000000,1,0,0,0,1,0.6666666667,1,-1
4753000,0.3292096220,0.2000000000,0.0000000000,0.0000000000,1,0,0,0,1,1.0000000000,0,0
4690000,0.2419243986,0.4000000000,0.0000000000,1.0000000000,1,0,0,0,1,0.0000000000,0,0
4690000,0.2577319588,0.2000000000,0.0000000000,0.3333333333,1,0,0,0,0,0.0000000000,1,0
4690000,0.1835051546,0.4000000000,0.0000000000,0.0000000000,1,0,0,0,0,0.0000000000,1,0
4690000,0.2989690722,0.2000000000,0.0000000000,0.0000000000,1,0,1,0,1,0.3333333333,0,1
4690000,0.5509965636,0.6000000000,0.3333333333,0.3333333333,1,1,1,0,0,0.3333333333,0,0
4690000,0.1360824742,0.4000000000,0.0000000000,0.3333333333,1,0,0,0,0,0.6666666667,0,0
4655000,0.1439862543,0.4000000000,0.0000000000,0.3333333333,1,0,1,0,0,0.0000000000,0,1
4620000,0.1725085911,0.4000000000,0.0000000000,0.0000000000,1,1,1,0,1,0.0000000000,0,-1
4620000,0.0838487973,0.2000000000,0.0000000000,0.3333333333,1,1,1,0,0,0.0000000000,1,0
4620000,0.2309278351,0.4000000000,0.0000000000,0.3333333333,1,0,1,0,0,0.0000000000,0,0
4620000,0.2769759450,0.4000000000,0.0000000000,0.3333333333,1,1,0,0,1,0.3333333333,0,0
4620000,0.1532646048,0.4000000000,0.3333333333,0.3333333333,1,0,1,0,0,0.6666666667,0,0
4613000,0.1965635739,0.6000000000,0.3333333333,0.3333333333,1,0,1,0,0,0.0000000000,0,0
4585000,0.1615120275,0.4000000000,0.0000000000,0.3333333333,1,0,0,0,0,0.3333333333,0,1
4585000,0.1505154639,0.4000000000,0.0000000000,0.3333333333,1,0,0,0,0,0.3333333333,1,0
4550000,0.1367697595,0.4000000000,0.0000000000,0.3333333333,1,0,0,0,1,0.0000000000,0,1
4550000,0.0618556701,0.4000000000,0.0000000000,0.3333333333,1,0,1,0,0,0.0000000000,0,1
4550000,0.2522336770,0.4000000000,0.0000000000,0.3333333333,1,1,1,0,0,0.0000000000,1,0
4550000,0.1285223368,0.4000000000,0.0000000000,0.0000000000,1,0,0,0,0,0.0000000000,1,0
4550000,0.1450171821,0.4000000000,0.0000000000,0.0000000000,1,0,0,0,0,0.6666666667,0,0
4550000,0.2549828179,0.4000000000,0.0000000000,0.3333333333,1,0,0,0,0,0.6666666667,1,-1
4550000,0.4639175258,0.6000000000,0.0000000000,1.0000000000,1,0,0,0,0,1.0000000000,0,-1
4543000,0.1683848797,0.2000000000,0.3333333333,0.0000000000,1,1,1,0,0,0.0000000000,0,0
4543000,0.2295532646,0.6000000000,0.3333333333,0.3333333333,1,1,1,0,0,0.0000000000,1,1
4515000,0.1278350515,0.4000000000,0.0000000000,0.6666666667,1,0,0,0,0,0.0000000000,0,0
4515000,0.5642611684,0.4000000000,0.0000000000,0.0000000000,1,0,0,0,0,0.0000000000,0,0
4515000,0.1285223368,0.2000000000,0.0000000000,0.3333333333,1,0,0,0,0,0.0000000000,1,1
4515000,0.1237113402,0.4000000000,0.0000000000,0.3333333333,1,0,1,0,0,0.3333333333,0,0
4480000,0.4536082474,0.4000000000,0.0000000000,0.0000000000,1,0,0,0,0,0.0000000000,0,1
4480000,0.2910652921,0.2000000000,0.0000000000,0.0000000000,1,0,0,0,1,0.3333333333,0,-1
4480000,0.1642611684,0.4000000000,0.0000000000,0.3333333333,1,0,0,0,0,0.3333333333,0,0
4480000,0.1965635739,0.6000000000,0.0000000000,0.3333333333,1,0,0,0,1,0.6666666667,0,0
4480000,0.1615120275,0.4000000000,0.0000000000,0.3333333333,1,0,0,0,0,0.6666666667,0,1
4473000,0.1278350515,0.4000000000,0.0000000000,0.3333333333,1,0,0,0,0,0.0000000000,0,0
4473000,0.3237113402,0.2000000000,0.0000000000,0.0000000000,1,0,1,0,1,0.3333333333,0,1
4473000,0.1039175258,0.4000000000,0.0000000000,0.3333333333,1,0,0,0,1,0.3333333333,0,1
4445000,0.1443298969,0.2000000000,0.0000000000,0.0000000000,1,1,1,0,0,0.0000000000,0,0
4410000,0.1593127148,0.4000000000,0.0000000000,0.3333333333,0,0,0,0,0,0.0000000000,0,0
4410000,0.2233676976,0.2000000000,0.0000000000,0.3333333333,1,0,1,0,0,0.0000000000,0,0
4403000,0.0845360825,0.4000000000,0.0000000000,0.3333333333,1,0,0,0,0,0.0000000000,1,0
4403000,0.2247422680,0.4000000000,0.0000000000,0.3333333333,1,0,0,0,0,0.3333333333,0,0
4403000,0.2219931271,0.4000000000,0.0000000000,0.0000000000,1,0,0,0,0,0.6666666667,1,-1
4382000,0.2268041237,0.6000000000,0.0000000000,0.3333333333,1,0,0,0,1,0.0000000000,0,0
4375000,0.1546391753,0.4000000000,0.0000000000,0.3333333333,1,0,0,0,0,0.0000000000,0,-1
4340000,0.0175257732,0.8000000000,0.0000000000,0.3333333333,0,0,1,0,0,0.0000000000,0,0
4340000,0.3298969072,0.6000000000,0.0000000000,0.3333333333,1,0,0,0,0,0.0000000000,0,0
4340000,0.1958762887,0.4000000000,0.3333333333,0.6666666667,1,0,0,1,0,0.3333333333,0,1
4340000,0.1666666667,0.4000000000,0.0000000000,0.0000000000,1,1,1,0,0,0.6666666667,0,0
4340000,0.1271477663,0.6000000000,0.0000000000,0.3333333333,1,0,0,0,0,0.6666666667,0,1
4319000,0.1637113402,0.2000000000,0.0000000000,0.0000000000,1,0,1,0,0,0.0000000000,0,1
4305000,0.1890034364,0.2000000000,0.0000000000,0.0000000000,1,0,0,0,0,0.3333333333,0,0
4305000,0.5986254296,0.2000000000,0.0000000000,0.0000000000,1,0,0,0,0,0.3333333333,1,0
4277000,0.1202749141,0.4000000000,0.0000000000,0.3333333333,1,0,1,0,0,0.6666666667,1,0
4270000,0.3237113402,0.2000000000,0.0000000000,0.0000000000,1,0,0,0,0,0.0000000000,0,1
4270000,0.3237113402,0.2000000000,0.0000000000,0.3333333333,1,0,0,0,0,0.0000000000,0,-1
4270000,0.0360824742,0.4000000000,0.0000000000,0.3333333333,0,1,1,0,1,0.0000000000,0,-1
4270000,0.1862542955,0.6000000000,0.0000000000,0.3333333333,1,0,0,0,0,0.0000000000,0,1
4270000,0.4206185567,0.2000000000,0.0000000000,0.0000000000,1,0,0,0,0,0.3333333333,0,1
4270000,0.1958762887,0.2000000000,0.0000000000,0.0000000000,1,0,0,0,1,0.6666666667,0,1
4235000,0.3436426117,0.4000000000,0.0000000000,0.3333333333,1,1,0,0,0,0.0000000000,0,0
4235000,0.0781443299,0.4000000000,0.0000000000,0.0000000000,1,0,1,0,0,0.0000000000,1,1
4200000,0.2646048110,0.4000000000,0.0000000000,0.3333333333,1,0,0,0,1,0.0000000000,0,-1
4200000,0.2329896907,0.4000000000,0.0000000000,0.3333333333,1,0,1,0,1,0.0000000000,0,-1
4200000,0.0659793814,0.6000000000,0.6666666667,0.3333333333,0,0,0,0,0,0.0000000000,0,0
4200000,0.0895532646,0.4000000000,0.0000000000,0.3333333333,1,0,1,0,1,0.0000000000,0,-1
4200000,0.0753951890,0.6000000000,0.3333333333,0.3333333333,0,0,0,0,0,0.0000000000,0,0
4200000,0.1615120275,0.6000000000,0.3333333333,0.3333333333,0,0,0,0,0,0.0000000000,0,0
4200000,0.0463917526,0.4000000000,0.0000000000,0.3333333333,0,0,0,0,0,0.0000000000,0,0
4200000,0.1367697595,0.4000000000,0.3333333333,0.3333333333,1,0,1,0,0,0.0000000000,0,-1
4200000,0.1669415808,0.4000000000,0.0000000000,0.6666666667,1,0,0,0,0,0.0000000000,0,0
4200000,0.1285223368,0.4000000000,0.0000000000,0.3333333333,1,0,0,0,0,0.0000000000,1,0
4200000,0.1958762887,0.4000000000,0.0000000000,0.0000000000,1,0,1,0,0,0.0000000000,0,1
4200000,0.1896907216,0.2000000000,0.0000000000,0.0000000000,0,0,0,0,0,0.3333333333,0,-1
4200000,0.2027491409,0.4000000000,0.3333333333,0.3333333333,1,0,0,0,1,0.3333333333,0,0
4200000,0.0340206186,0.4000000000,0.0000000000,0.6666666667,1,0,0,0,0,0.3333333333,1,-1
4200000,0.2886597938,0.2000000000,0.0000000000,0.0000000000,1,1,1,0,0,0.6666666667,0,0
4200000,0.2852233677,0.4000000000,0.0000000000,0.0000000000,1,0,0,1,0,0.6666666667,0,0
4200000,0.3676975945,0.4000000000,0.0000000000,0.0000000000,1,0,0,0,0,1.0000000000,0,1
4193000,0.1237113402,0.4000000000,0.0000000000,0.3333333333,1,0,0,0,0,0.3333333333,0,0
4193000,0.4536082474,0.4000000000,0.0000000000,0.0000000000,1,0,1,0,0,1.0000000000,0,0
4165000,0.2192439863,0.4000000000,0.0000000000,0.3333333333,1,0,0,0,0,0.3333333333,0,0
4165000,0.1646735395,0.4000000000,0.0000000000,0.3333333333,1,0,1,0,0,0.3333333333,0,0
4165000,0.1670103093,0.4000000000,0.0000000000,0.3333333333,1,0,0,0,0,0.6666666667,0,0
4130000,0.2049484536,0.6000000000,0.0000000000,0.3333333333,1,0,0,0,1,0.0000000000,0,0
4130000,0.2979381443,0.4000000000,0.0000000000,0.0000000000,1,0,1,0,0,0.0000000000,0,0
4123000,0.3030927835,0.2000000000,0.0000000000,0.0000000000,1,0,1,0,0,0.3333333333,0,0
4098500,0.1340206186,0.4000000000,0.0000000000,0.0000000000,1,0,1,0,1,0.0000000000,1,1
4095000,0.1395189003,0.4000000000,0.3333333333,0.3333333333,1,0,0,0,0,0.0000000000,0,0
4095000,0.2714776632,0.2000000000,0.0000000000,0.0000000000,1,0,0,0,1,0.0000000000,0,0
4095000,0.1642611684,0.2000000000,0.0000000000,0.3333333333,1,0,0,0,0,0.3333333333,0,0
4060000,0.1848797251,0.4000000000,0.0000000000,0.0000000000,1,0,0,0,0,0.0000000000,0,0
4060000,0.2920962199,0.6000000000,0.3333333333,0.3333333333,0,0,1,0,0,0.3333333333,0,-1
4060000,0.2296907216,0.4000000000,0.3333333333,0.3333333333,1,0,0,0,0,0.6666666667,0,-1
4060000,0.0927835052,0.6000000000,0.0000000000,0.6666666667,1,0,1,0,1,0.6666666667,0,0
4060000,0.1835051546,0.4000000000,0.0000000000,0.3333333333,1,0,0,0,0,0.6666666667,1,1
4025000,0.1243986254,0.4000000000,0.3333333333,0.0000000000,1,0,1,0,1,0.3333333333,0,1
4025000,0.1360824742,0.4000000000,0.3333333333,0.3333333333,1,0,0,1,0,0.6666666667,0,0
4025000,0.2577319588,0.4000000000,0.0000000000,0.0000000000,1,0,0,0,0,1.0000000000,0,0
4007500,0.1958762887,0.4000000000,0.0000000000,0.3333333333,0,0,1,0,1,0.0000000000,0,0
4007500,0.1243986254,0.6000000000,0.0000000000,0.3333333333,1,0,0,0,1,0.0000000000,0,0
3990000,0.1683848797,0.6000000000,0.0000000000,0.0000000000,0,0,1,0,0,0.0000000000,0,-1
3990000,0.1958762887,0.4000000000,0.3333333333,0.3333333333,0,0,1,0,1,0.0000000000,0,0
3990000,0.1587628866,0.4000000000,0.0000000000,0.3333333333,1,0,0,0,0,0.0000000000,0,1
3990000,0.1649484536,0.2000000000,0.0000000000,0.3333333333,1,1,1,0,0,0.0000000000,1,-1
3990000,0.3319587629,0.4000000000,0.0000000000,0.3333333333,0,0,0,0,1,0.3333333333,0,0
3920000,0.2646048110,0.6000000000,0.0000000000,0.3333333333,1,1,1,0,0,0.0000000000,0,0
3920000,0.0927835052,0.4000000000,0.0000000000,0.3333333333,1,0,0,0,0,0.0000000000,0,0
3920000,0.0340206186,0.6000000000,0.3333333333,0.0000000000,1,0,1,0,0,0.0000000000,1,-1
3920000,0.1127147766,0.2000000000,0.0000000000,0.0000000000,1,0,0,1,0,0.3333333333,0,1
3920000,0.1488659794,0.2000000000,0.0000000000,0.0000000000,1,0,1,0,1,0.6666666667,0,1
3920000,0.4419243986,0.4000000000,0.0000000000,0.0000000000,1,0,0,0,1,0.6666666667,0,0
3920000,0.3855670103,0.4000000000,0.3333333333,0.0000000000,1,1,1,0,0,1.0000000000,0,1
3885000,0.1463917526,0.2000000000,0.0000000000,0.3333333333,1,1,1,0,0,0.0000000000,0,0
3885000,0.1051546392,0.6000000000,0.3333333333,0.3333333333,1,0,0,0,0,0.0000000000,0,1
3850000,0.2508591065,0.8000000000,0.3333333333,0.3333333333,1,0,0,0,0,0.0000000000,0,0
3850000,0.3781443299,0.4000000000,0.0000000000,0.3333333333,1,0,0,0,1,0.0000000000,0,1
3850000,0.1670103093,0.2000000000,0.0000000000,0.0000000000,1,0,0,0,0,0.0000000000,0,0
3850000,0.1512027491,0.2000000000,0.0000000000,0.0000000000,1,0,0,0,0,0.0000000000,0,0
3850000,0.0250859107,0.4000000000,0.0000000000,0.3333333333,1,0,1,0,0,0.0000000000,1,0
3850000,0.0361512027,0.2000000000,0.0000000000,0.3333333333,1,1,0,0,0,0.0000000000,1,0
3850000,0.1051546392,0.2000000000,0.3333333333,0.0000000000,1,0,1,0,0,0.6666666667,0,0
3836000,0.1168384880,0.4000000000,0.0000000000,0.3333333333,1,0,0,0,0,0.0000000000,0,-1
3815000,0.1030927835,0.2000000000,0.3333333333,0.0000000000,0,0,1,0,0,0.0000000000,0,0
3780000,0.2178694158,0.4000000000,0.0000000000,0.3333333333,1,0,0,0,0,0.0000000000,0,0
3780000,0.1340206186,0.2000000000,0.0000000000,0.0000000000,1,0,0,0,0,0.0000000000,0,0
3780000,0.0828865979,0.4000000000,0.0000000000,0.6666666667,1,0,0,0,0,0.0000000000,1,1
3780000,0.1216494845,0.2000000000,0.0000000000,0.3333333333,1,0,0,1,0,0.3333333333,0,0
3780000,0.4639175258,0.2000000000,0.0000000000,0.0000000000,1,0,0,0,0,0.3333333333,0,1
3780000,0.2872852234,0.2000000000,0.0000000000,0.0000000000,1,0,0,0,0,0.6666666667,0,-1
3773000,0.0597938144,0.8000000000,0.3333333333,0.0000000000,0,0,1,0,1,0.3333333333,0,1
3773000,0.3628865979,0.6000000000,0.0000000000,0.3333333333,0,0,0,0,0,0.3333333333,0,1
3773000,0.4536082474,0.4000000000,0.0000000000,0.0000000000,1,0,0,0,0,0.6666666667,0,1
3745000,0.1257731959,0.2000000000,0.0000000000,0.0000000000,1,0,0,0,0,0.0000000000,1,0
3710000,0.1642611684,0.2000000000,0.0000000000,0.0000000000,1,0,0,0,0,0.0000000000,0,0
3710000,0.3003436426,0.4000000000,0.0000000000,0.0000000000,1,0,0,0,0,0.0000000000,0,0
3710000,0.1649484536,0.2000000000,0.0000000000,0.0000000000,1,0,0,0,0,0.0000000000,0,1
3710000,0.1329209622,0.2000000000,0.0000000000,0.0000000000,1,0,0,1,0,0.0000000000,0,0
3710000,0.1340206186,0.4000000000,0.0000000000,0.0000000000,1,0,0,0,0,0.3333333333,0,-1
3703000,0.1010309278,0.4000000000,0.0000000000,0.3333333333,0,0,1,1,0,0.0000000000,0,0
3703000,0.2611683849,0.2000000000,0.0000000000,0.0000000000,1,0,0,0,0,0.0000000000,0,1
3675000,0.1360824742,0.2000000000,0.0000000000,0.0000000000,1,0,1,0,0,0.0000000000,0,1
3675000,0.1360824742,0.2000000000,0.0000000000,0.0000000000,1,0,0,0,1,0.0000000000,0,-1
3675000,0.2742268041,0.2000000000,0.0000000000,0.0000000000,0,0,0,0,0,0.0000000000,0,0
3675000,0.1340206186,0.2000000000,0.0000000000,0.0000000000,1,0,0,0,0,0.0000000000,0,1
3640000,0.1319587629,0.4000000000,0.0000000000,0.3333333333,1,0,1,0,0,0.0000000000,0,0
3640000,0.1051546392,0.4000000000,0.0000000000,0.3333333333,0,0,1,0,0,0.0000000000,0,0
3640000,0.0927835052,0.2000000000,0.0000000000,0.3333333333,1,0,0,0,1,0.0000000000,0,1
3640000,0.1285223368,0.2000000000,0.3333333333,0.0000000000,1,0,1,0,0,0.0000000000,0,0
3640000,0.2962199313,0.4000000000,0.0000000000,0.3333333333,1,1,1,0,0,0.0000000000,0,-1
3640000,0.0824742268,0.4000000000,0.3333333333,0.3333333333,0,0,1,0,0,0.0000000000,1,-1
3640000,0.0429553265,0.4000000000,0.0000000000,0.6666666667,1,0,0,1,1,0.0000000000,1,0
3640000,0.1807560137,0.2000000000,0.0000000000,0.0000000000,1,0,0,0,1,0.6666666667,0,0
3640000,0.1704467354,0.4000000000,0.3333333333,0.3333333333,1,0,0,0,0,0.6666666667,0,0
3633000,0.1285223368,0.4000000000,0.0000000000,0.0000000000,1,0,0,0,0,0.6666666667,1,-1
3605000,0.1958762887,0.2000000000,0.0000000000,0.0000000000,1,0,0,0,0,0.0000000000,0,0
3605000,0.1615120275,0.2000000000,0.0000000000,0.0000000000,1,0,0,0,0,0.0000000000,1,0
3570000,0.1030927835,0.4000000000,0.0000000000,0.3333333333,1,0,1,0,0,0.0000000000,0,1
3570000,0.1958762887,0.2000000000,0.0000000000,0.0000000000,0,0,0,0,0,0.0000000000,0,1
3570000,0.1367697595,0.2000000000,0.0000000000,0.0000000000,1,0,0,0,0,0.0000000000,0,-1
3570000,0.1958762887,0.6000000000,0.3333333333,0.3333333333,1,0,1,0,0,0.6666666667,0,1
3535000,0.1512027491,0.4000000000,0.0000000000,0.0000000000,1,0,0,0,0,0.6666666667,0,-1
3500000,0.1780068729,0.4000000000,0.0000000000,0.3333333333,1,0,0,0,1,0.0000000000,0,0
3500000,0.1374570447,0.4000000000,0.0000000000,0.3333333333,1,0,0,0,0,0.0000000000,0,-1
3500000,0.2027491409,0.6000000000,0.0000000000,0.3333333333,1,0,0,0,0,0.0000000000,0,0
3500000,0.0333333333,0.4000000000,0.3333333333,0.3333333333,0,0,0,0,0,0.0000000000,0,-1
3500000,0.0952577320,0.4000000000,0.0000000000,0.3333333333,1,0,1,0,0,0.0000000000,0,0
3500000,0.1608247423,0.4000000000,0.0000000000,0.3333333333,1,0,0,0,0,0.0000000000,0,0
3500000,0.3968384880,0.4000000000,0.0000000000,0.0000000000,0,0,0,0,0,0.0000000000,0,-1
3500000,0.1257731959,0.4000000000,0.0000000000,0.0000000000,0,0,0,0,1,0.0000000000,0,-1
3500000,0.2907216495,0.2000000000,0.0000000000,0.0000000000,1,0,0,0,0,0.0000000000,0,-1
3500000,0.7762199313,0.4000000000,0.0000000000,0.0000000000,1,0,0,0,0,0.0000000000,0,-1
3500000,0.1340206186,1.0000000000,0.0000000000,0.3333333333,1,0,0,0,0,0.3333333333,0,-1
3500000,0.1367697595,0.2000000000,0.0000000000,0.0000000000,1,0,0,0,0,0.3333333333,0,0
3500000,0.2920962199,0.2000000000,0.0000000000,0.0000000000,1,0,0,0,0,0.3333333333,0,1
3500000,0.1010309278,0.4000000000,0.0000000000,0.3333333333,1,0,0,0,0,0.3333333333,0,-1
3500000,0.3917525773,0.2000000000,0.0000000000,0.0000000000,1,0,0,0,0,0.3333333333,0,0
3500000,0.1279725086,0.2000000000,0.0000000000,0.0000000000,1,0,0,0,0,0.3333333333,1,-1
3500000,0.5395189003,0.4000000000,0.0000000000,0.3333333333,1,0,0,0,0,1.0000000000,1,-1
3493000,0.2233676976,0.4000000000,0.0000000000,0.3333333333,0,0,0,0,0,0.0000000000,0,-1
3465000,0.0969072165,0.4000000000,0.0000000000,0.0000000000,1,0,0,0,0,0.0000000000,0,-1
3465000,0.0340206186,0.4000000000,0.0000000000,0.6666666667,1,0,0,0,0,0.0000000000,1,1
3465000,0.2522336770,0.2000000000,0.0000000000,0.0000000000,1,0,0,0,0,0.3333333333,1,-1
3430000,0.1615120275,0.2000000000,0.0000000000,0.0000000000,1,0,0,0,0,0.0000000000,0,-1
3430000,0.1512027491,0.4000000000,0.0000000000,0.0000000000,1,0,0,0,0,0.0000000000,0,-1
3430000,0.0340206186,0.4000000000,0.0000000000,0.6666666667,1,0,0,0,0,0.0000000000,1,1
3430000,0.0659793814,0.4000000000,0.0000000000,0.3333333333,1,0,1,0,0,0.0000000000,1,-1
3430000,0.0206185567,0.4000000000,0.3333333333,0.3333333333,1,0,1,0,0,0.0000000000,1,-1
3430000,0.1054982818,0.2000000000,0.0000000000,0.0000000000,1,0,0,0,0,0.6666666667,0,-1
3423000,0.1642611684,0.2000000000,0.0000000000,0.0000000000,1,0,0,0,0,0.0000000000,0,-1
3395000,0.1367697595,0.2000000000,0.0000000000,0.0000000000,1,0,0,0,0,0.0000000000,0,1
3395000,0.2154639175,0.4000000000,0.0000000000,0.3333333333,1,1,1,0,1,0.3333333333,0,1
3395000,0.1237113402,0.4000000000,0.0000000000,0.0000000000,1,0,1,0,0,0.6666666667,0,-1
3360000,0.2274914089,0.6000000000,0.0000000000,0.6666666667,0,0,0,0,0,0.0000000000,0,0
3360000,0.1697594502,0.2000000000,0.0000000000,0.3333333333,1,0,0,0,0,0.0000000000,0,-1
3360000,0.2130584192,0.2000000000,0.0000000000,0.0000000000,1,0,0,0,0,0.0000000000,0,-1
3360000,0.1422680412,0.2000000000,0.0000000000,0.0000000000,0,0,0,0,1,0.0000000000,0,-1
3360000,0.1443298969,0.4000000000,0.0000000000,0.0000000000,1,0,0,0,0,0.0000000000,0,-1
3360000,0.0996563574,0.4000000000,0.0000000000,0.3333333333,0,0,1,0,0,0.0000000000,0,0
3360000,0.1271477663,0.6000000000,0.0000000000,0.3333333333,1,0,0,0,1,0.6666666667,0,-1
3360000,0.1054982818,0.2000000000,0.0000000000,0.0000000000,1,0,1,0,0,0.6666666667,0,1
3353000,0.0721649485,0.4000000000,0.0000000000,0.0000000000,0,0,0,0,0,0.0000000000,0,1
3332000,0.0340206186,0.4000000000,0.0000000000,0.3333333333,1,0,1,0,0,0.0000000000,1,1
3325000,0.2147766323,0.6000000000,0.0000000000,0.3333333333,1,0,0,0,0,0.0000000000,0,-1
3325000,0.1642611684,0.2000000000,0.0000000000,0.0000000000,1,0,0,0,0,0.3333333333,0,-1
3290000,0.0584192440,0.2000000000,0.0000000000,0.0000000000,0,0,0,0,1,0.0000000000,0,-1
3290000,0.1051546392,0.6000000000,0.0000000000,0.3333333333,1,0,1,0,1,0.0000000000,0,-1
3290000,0.3030927835,0.4000000000,0.0000000000,0.0000000000,1,1,1,0,0,0.0000000000,0,1
3290000,0.1472164948,0.6000000000,0.0000000000,0.3333333333,1,0,0,0,0,0.0000000000,0,0
3290000,0.1642611684,0.2000000000,0.0000000000,0.0000000000,1,0,0,0,0,0.0000000000,0,-1
3290000,0.0340206186,0.4000000000,0.0000000000,0.3333333333,1,0,1,0,0,0.0000000000,1,1
3290000,0.1257731959,0.6000000000,0.0000000000,0.3333333333,0,0,0,0,0,0.3333333333,0,0
3290000,0.2907216495,0.4000000000,0.0000000000,0.0000000000,1,0,0,0,0,0.3333333333,0,-1
3255000,0.1958762887,0.2000000000,0.0000000000,0.0000000000,0,0,0,0,0,0.0000000000,0,0
3255000,0.1567010309,0.2000000000,0.0000000000,0.0000000000,0,0,0,0,0,0.0000000000,0,-1
3234000,0.1367697595,0.6000000000,0.0000000000,0.3333333333,1,0,1,0,0,0.0000000000,0,-1
3220000,0.1869415808,0.4000000000,0.0000000000,0.3333333333,1,0,0,0,0,0.0000000000,0,-1
3220000,0.1010309278,0.4000000000,0.0000000000,0.3333333333,0,0,0,0,0,0.0000000000,0,1
3220000,0.0710652921,0.2000000000,0.0000000000,0.0000000000,1,0,0,0,1,0.3333333333,0,-1
3220000,0.1835051546,0.4000000000,0.0000000000,0.0000000000,0,0,0,0,0,0.3333333333,0,-1
3150000,0.1237113402,0.0000000000,0.0000000000,0.0000000000,1,0,0,0,0,0.0000000000,0,1
3150000,0.1271477663,0.2000000000,0.0000000000,0.0000000000,0,0,1,0,0,0.0000000000,0,0
3150000,0.0000000000,0.4000000000,0.0000000000,0.3333333333,0,0,1,0,0,0.0000000000,0,-1
3150000,0.1237113402,0.4000000000,0.0000000000,0.3333333333,1,0,1,0,0,0.0000000000,0,0
3150000,0.3505154639,0.2000000000,0.0000000000,0.0000000000,1,0,0,0,0,0.0000000000,0,0
3150000,0.1605498282,0.2000000000,0.3333333333,0.0000000000,0,1,1,0,0,0.3333333333,0,-1
3150000,0.0975257732,0.2000000000,0.0000000000,0.0000000000,1,0,0,0,0,0.3333333333,0,-1
3150000,0.1680412371,0.2000000000,0.0000000000,0.0000000000,1,0,0,0,0,0.6666666667,0,0
3150000,0.5051546392,0.4000000000,0.0000000000,0.3333333333,1,0,0,0,0,0.6666666667,0,0
3143000,0.1958762887,0.4000000000,0.0000000000,0.3333333333,1,0,0,0,1,0.0000000000,0,-1
3129000,0.2642611684,0.4000000000,0.0000000000,0.0000000000,1,0,1,0,0,0.0000000000,0,-1
3118850,0.0514089347,0.4000000000,0.0000000000,0.0000000000,1,0,0,0,0,0.0000000000,1,0
3115000,0.0927835052,0.4000000000,0.0000000000,0.0000000000,0,0,0,0,1,0.0000000000,0,-1
3115000,0.1512027491,0.4000000000,0.0000000000,0.3333333333,1,0,0,0,0,0.0000000000,0,-1
3115000,0.1271477663,0.2000000000,0.0000000000,0.0000000000,1,0,0,0,0,0.0000000000,0,-1
3087000,0.4432989691,0.2000000000,0.0000000000,0.0000000000,1,0,0,0,0,0.3333333333,0,-1
3080000,0.2274914089,0.2000000000,0.0000000000,0.0000000000,1,0,1,0,1,0.0000000000,0,-1
3080000,0.0350515464,0.4000000000,0.0000000000,0.3333333333,0,0,1,0,0,0.0000000000,0,0
3080000,0.0989690722,0.2000000000,0.0000000000,0.0000000000,1,1,1,0,0,0.0000000000,0,-1
3080000,0.1958762887,0.2000000000,0.0000000000,0.3333333333,1,0,0,1,0,0.3333333333,0,0
3045000,0.1477663230,0.2000000000,0.0000000000,0.0000000000,1,0,0,0,0,0.0000000000,0,-1
3010000,0.0989690722,0.4000000000,0.0000000000,0.3333333333,0,0,0,0,0,0.0000000000,0,0
3010000,0.0814432990,0.2000000000,0.0000000000,0.0000000000,1,0,0,0,0,0.0000000000,0,0
3010000,0.2027491409,0.2000000000,0.0000000000,0.0000000000,1,0,0,0,0,0.0000000000,0,1
3010000,0.2354639175,0.4000000000,0.0000000000,0.0000000000,0,0,0,0,0,0.0000000000,0,-1
3010000,0.1443298969,0.4000000000,0.0000000000,0.3333333333,1,0,0,0,0,0.0000000000,0,-1
3010000,0.1092783505,0.4000000000,0.0000000000,0.3333333333,1,0,0,0,0,0.6666666667,0,0
3010000,0.1360824742,0.6000000000,0.0000000000,0.3333333333,1,0,0,0,0,1.0000000000,0,0
3003000,0.4398625430,0.2000000000,0.0000000000,0.0000000000,1,0,0,0,0,0.0000000000,0,-1
2975000,0.1857044674,0.6000000000,0.0000000000,0.3333333333,0,0,0,0,0,0.3333333333,0,-1
2961000,0.0927835052,0.2000000000,0.0000000000,0.3333333333,1,0,0,0,0,0.0000000000,0,0
2940000,0.2274914089,0.2000000000,0.0000000000,0.0000000000,1,0,0,0,0,0.0000000000,0,-1
2940000,0.1381443299,0.6000000000,0.0000000000,0.3333333333,0,0,0,0,0,0.0000000000,0,-1
2940000,0.0721649485,0.2000000000,0.0000000000,0.0000000000,0,0,0,0,0,0.0000000000,0,1
2940000,0.1030927835,0.4000000000,0.0000000000,0.3333333333,0,0,0,0,0,0.0000000000,0,-1
2940000,0.3412371134,0.4000000000,0.0000000000,0.3333333333,1,0,0,0,0,0.0000000000,0,0
2940000,0.2886597938,0.4000000000,0.0000000000,0.3333333333,1,0,1,0,0,0.3333333333,0,-1
2940000,0.1340206186,0.4000000000,0.0000000000,0.3333333333,0,0,0,0,0,0.3333333333,0,-1
2940000,0.1257731959,0.4000000000,0.0000000000,0.3333333333,0,0,0,0,0,0.3333333333,0,0
2870000,0.0955326460,0.2000000000,0.0000000000,0.0000000000,0,0,0,0,0,0.0000000000,0,-1
2870000,0.1360824742,0.2000000000,0.0000000000,0.0000000000,1,0,0,0,0,0.0000000000,0,-1
2870000,0.2989690722,0.2000000000,0.0000000000,0.0000000000,1,0,0,0,0,0.0000000000,0,0
2870000,0.2577319588,0.6000000000,0.0000000000,0.3333333333,1,0,0,0,0,0.0000000000,0,-1
2852500,0.2439862543,0.6000000000,0.0000000000,0.6666666667,1,0,0,0,0,0.0000000000,0,-1
2835000,0.1134020619,0.4000000000,0.0000000000,0.3333333333,0,0,0,0,0,0.3333333333,0,0
2835000,0.1855670103,0.4000000000,0.0000000000,0.3333333333,0,0,0,1,0,0.3333333333,0,-1
2835000,0.0680412371,0.2000000000,0.0000000000,0.0000000000,0,0,0,0,0,0.3333333333,0,1
2800000,0.1587628866,0.4000000000,0.0000000000,0.0000000000,1,0,0,0,0,0.0000000000,0,1
2800000,0.0687285223,0.4000000000,0.0000000000,0.3333333333,1,0,1,0,0,0.3333333333,0,-1
2730000,0.3539518900,0.2000000000,0.0000000000,0.0000000000,1,0,0,0,0,0.0000000000,0,-1
2730000,0.1615120275,0.4000000000,0.0000000000,0.3333333333,1,0,0,0,0,0.3333333333,0,-1
2695000,0.1615120275,0.2000000000,0.0000000000,0.0000000000,1,0,0,0,0,0.0000000000,0,-1
2660000,0.1569759450,0.2000000000,0.0000000000,0.0000000000,1,0,0,0,0,0.0000000000,0,-1
2660000,0.0240549828,0.2000000000,0.0000000000,0.3333333333,1,0,0,0,0,0.0000000000,0,0
2660000,0.1360824742,0.4000000000,0.6666666667,0.3333333333,0,1,0,0,0,0.0000000000,0,-1
2660000,0.0790378007,0.4000000000,0.0000000000,0.0000000000,1,0,0,0,0,0.0000000000,0,-1
2660000,0.0536082474,0.4000000000,0.0000000000,0.0000000000,0,0,0,0,0,0.0000000000,0,-1
2660000,0.1615120275,0.4000000000,0.0000000000,0.0000000000,1,0,0,0,0,0.0000000000,0,0
2660000,0.1257731959,0.2000000000,0.0000000000,0.0000000000,1,0,0,0,0,0.3333333333,0,0
2653000,0.1054982818,0.2000000000,0.0000000000,0.0000000000,1,0,0,0,1,0.0000000000,0,-1
2653000,0.1615120275,0.4000000000,0.0000000000,0.3333333333,1,0,0,0,1,0.0000000000,0,-1
2604000,0.0865979381,0.2000000000,0.0000000000,0.0000000000,0,0,0,0,0,0.0000000000,0,-1
2590000,0.1340206186,0.2000000000,0.0000000000,0.0000000000,1,0,0,0,0,0.0000000000,0,-1
2590000,0.1890034364,0.2000000000,0.0000000000,0.0000000000,1,0,0,0,0,0.0000000000,0,-1
2590000,0.1340206186,0.2000000000,0.3333333333,0.3333333333,1,0,1,0,0,0.3333333333,0,1
2520000,0.0845360825,0.4000000000,0.0000000000,0.0000000000,0,0,0,0,0,0.0000000000,0,-1
2520000,0.1051546392,0.4000000000,0.0000000000,0.0000000000,0,0,0,0,0,0.0000000000,0,-1
2520000,0.0927835052,0.2000000000,0.0000000000,0.3333333333,1,0,0,0,0,0.0000000000,0,1
2485000,0.1890034364,0.4000000000,0.0000000000,0.3333333333,1,0,0,0,0,0.0000000000,0,-1
2485000,0.0927835052,0.4000000000,0.0000000000,0.3333333333,0,0,0,0,0,0.0000000000,0,0
2450000,0.1072164948,0.4000000000,0.0000000000,0.3333333333,1,0,1,0,0,0.0000000000,0,-1
2450000,0.1271477663,0.2000000000,0.0000000000,0.0000000000,1,1,0,0,0,0.0000000000,0,-1
2450000,0.2192439863,0.2000000000,0.0000000000,0.3333333333,1,0,0,0,0,0.0000000000,0,-1
2450000,0.4158075601,0.2000000000,0.0000000000,0.0000000000,1,0,0,0,0,0.0000000000,0,-1
2450000,0.1092783505,0.2000000000,0.0000000000,0.0000000000,0,1,0,0,0,0.3333333333,0,-1
2450000,0.0927835052,0.2000000000,0.0000000000,0.0000000000,1,0,0,0,0,0.3333333333,0,-1
2408000,0.1364261168,0.2000000000,0.0000000000,0.0000000000,0,0,0,0,0,0.0000000000,0,-1
2380000,0.0567010309,0.4000000000,0.0000000000,0.3333333333,1,0,0,0,0,0.0000000000,0,1
2380000,0.0781443299,0.6000000000,0.3333333333,0.3333333333,1,0,0,0,0,0.0000000000,0,1
2380000,0.1109278351,0.2000000000,0.0000000000,0.0000000000,1,0,0,0,0,0.0000000000,0,-1
2345000,0.1367697595,0.2000000000,0.0000000000,0.0000000000,1,0,0,0,0,0.0000000000,0,-1
2310000,0.1051546392,0.2000000000,0.0000000000,0.0000000000,1,0,0,0,0,0.0000000000,0,-1
2275000,0.0127835052,0.2000000000,0.0000000000,0.0000000000,0,0,1,0,0,0.0000000000,0,0
2275000,0.1594501718,0.0000000000,0.0000000000,0.0000000000,0,0,0,0,0,0.0000000000,0,-1
2275000,0.1594501718,0.4000000000,0.0000000000,0.3333333333,1,0,1,0,0,0.0000000000,0,-1
2240000,0.0206185567,0.4000000000,0.0000000000,0.0000000000,0,0,0,1,0,0.0000000000,0,-1
2233000,0.2508591065,0.4000000000,0.0000000000,0.0000000000,0,0,0,0,1,0.0000000000,1,-1
2135000,0.0927835052,0.2000000000,0.0000000000,0.0000000000,0,0,0,0,0,0.0000000000,0,-1
2100000,0.0515463918,0.4000000000,0.0000000000,0.3333333333,1,0,0,0,0,0.0000000000,0,-1
2100000,0.0927835052,0.6000000000,0.0000000000,0.3333333333,1,0,0,0,0,0.0000000000,0,-1
2100000,0.1175257732,0.2000000000,0.0000000000,0.0000000000,1,0,0,0,0,0.3333333333,0,-1
1960000,0.1216494845,0.8000000000,0.0000000000,0.3333333333,0,0,0,0,0,0.0000000000,0,-1
1890000,0.0034364261,0.4000000000,0.0000000000,0.3333333333,1,0,0,0,0,0.0000000000,0,-1
1890000,0.1373883162,0.2000000000,0.0000000000,0.0000000000,1,0,0,0,0,0.0000000000,0,-1
1855000,0.0920962199,0.2000000000,0.0000000000,0.0000000000,0,0,0,0,0,0.3333333333,0,-1
1820000,0.0927835052,0.2000000000,0.0000000000,0.0000000000,1,0,1,0,0,0.6666666667,0,-1
1767150,0.0515463918,0.4000000000,0.0000000000,0.0000000000,0,0,0,0,0,0.0000000000,0,0
1750000,0.1353951890,0.2000000000,0.0000000000,0.0000000000,1,0,0,0,0,0.0000000000,0,-1
1750000,0.0865979381,0.4000000000,0.0000000000,0.0000000000,0,0,0,0,0,0.0000000000,0,1
1750000,0.1512027491,0.4000000000,0.0000000000,0.3333333333,1,0,0,0,0,0.0000000000,0,-1
